entry,mother_tongue,areas_returned_from,total_speakers,returned_bilingual_col3,subsidiary_language_printed,subsidiary_language,persons,printed_page,scan_leaf
1,Mon-Khmer Branch,Assam; Bengal; Burma,714762,262329,Burma Group,Burma Group,168937,510,515
1,Mon-Khmer Branch,Assam; Bengal; Burma,714762,262329,Tai (Shan) Group,Tai (Shan) Group,90927,510,515
1,Mon-Khmer Branch,Assam; Bengal; Burma,714762,262329,Bengali,Bengali,1400,510,515
1,Mon-Khmer Branch,Assam; Bengal; Burma,714762,262329,Other Tibeto Burman Languages,Other Tibeto-Burman languages,429,510,515
1,Mon-Khmer Branch,Assam; Bengal; Burma,714762,262329,Assamese,Assamese,319,510,515
1,Mon-Khmer Branch,Assam; Bengal; Burma,714762,262329,Karen Group,Karen Group,295,510,515
1,Mon-Khmer Branch,Assam; Bengal; Burma,714762,262329,Hindustani,Hindustani,21,510,515
1,Mon-Khmer Branch,Assam; Bengal; Burma,714762,262329,Naipali,Naipali,1,510,515
,Khasi,Assam; Bengal,234373,1906,Bengali,Bengali,1400,510,515
,Khasi,Assam; Bengal,234373,1906,Assamese,Assamese,319,510,515
,Khasi,Assam; Bengal,234373,1906,Tibeto-Burmese languages,Tibeto-Burmese Languages,165,510,515
,Khasi,Assam; Bengal,234373,1906,Hindustani,Hindustani,21,510,515
,Khasi,Assam; Bengal,234373,1906,Naipali,Naipali,1,510,515
2,Kherwari,Bengal; Central Provinces,891963,298777,Bengali,Bengali,273402,510,515
2,Kherwari,Bengal; Central Provinces,891963,298777,Hindustani,Hindustani,33333,510,515
2,Kherwari,Bengal; Central Provinces,891963,298777,Naipali,Naipali,1279,510,515
2,Kherwari,Bengal; Central Provinces,891963,298777,Oriya,Oriya,994,510,515
2,Kherwari,Bengal; Central Provinces,891963,298777,Kurukh,Kurukh or Oraon,65,510,515
2,Kherwari,Bengal; Central Provinces,891963,298777,Telugu,Telugu,1,510,515
3,Korku,Central Provinces and Berar,161975,105690,Hindustani,Hindustani,103465,510,515
3,Korku,Central Provinces and Berar,161975,105690,Marathi,Marathi,2044,510,515
3,Korku,Central Provinces and Berar,161975,105690,Telugu,Telugu,158,510,515
3,Korku,Central Provinces and Berar,161975,105690,Gondi,Gondi,23,510,515
4,Kharia,Bengal; Bihar and Orissa; Central Provinces,137659,108266,Hindustani,Hindustani,77547,510,515
4,Kharia,Bengal; Bihar and Orissa; Central Provinces,137659,108266,Oriya,Oriya,28687,510,515
4,Kharia,Bengal; Bihar and Orissa; Central Provinces,137659,108266,Bengali,Bengali,1458,510,515
4,Kharia,Bengal; Bihar and Orissa; Central Provinces,137659,108266,Naipali,Naipali,460,510,515
4,Kharia,Bengal; Bihar and Orissa; Central Provinces,137659,108266,Santali,Santali,118,510,515
4,Kharia,Bengal; Bihar and Orissa; Central Provinces,137659,108266,Ho,Ho,25,510,515
4,Kharia,Bengal; Bihar and Orissa; Central Provinces,137659,108266,Rai,Rai,6,510,515
4,Kharia,Bengal; Bihar and Orissa; Central Provinces,137659,108266,Bhotia,Bhotia,3,510,515
5,Savara,Madras,185562,71448,Oriya,Oriya,35349,510,515
5,Savara,Madras,185562,71448,Telugu,Telugu,34567,510,515
5,Savara,Madras,185562,71448,Hill and Aboriginal,Hill and Aboriginal,1532,510,515
6,Gadaba,Madras,43667,31886,Oriya,Oriya,18003,510,515
6,Gadaba,Madras,43667,31886,Telugu,Telugu,13803,510,515
6,Gadaba,Madras,43667,31886,Hill and Aboriginal,Hill and Aboriginal,80,510,515
7,Bhotia,Bengal; United Provinces; Sikkim,33652,21023,Naipali,Naipali,17881,510,515
7,Bhotia,Bengal; United Provinces; Sikkim,33652,21023,Hindustani,Hindustani,3215,510,515
7,Bhotia,Bengal; United Provinces; Sikkim,33652,21023,Rong,Rong,64,510,515
7,Bhotia,Bengal; United Provinces; Sikkim,33652,21023,Bengal,Bengali,3,510,515
7,Bhotia,Bengal; United Provinces; Sikkim,33652,21023,Limbu,Limbu,1,510,515
8,Kiranti,Bengal; Sikkim,85359,61475,Naipali,Naipali,60071,510,515
8,Kiranti,Bengal; Sikkim,85359,61475,Hindustani,Hindustani,500,510,515
8,Kiranti,Bengal; Sikkim,85359,61475,Bengali,Bengali,104,510,515
8,Kiranti,Bengal; Sikkim,85359,61475,Bhotia,Bhotia,1,510,515
8,Kiranti,Bengal; Sikkim,85359,61475,Rong,Rong,1,510,515
9,Gurung,Bengal; Sikkim,2831,1891,Naipali,Naipali,1869,510,515
9,Gurung,Bengal; Sikkim,2831,1891,Hindustani,Hindustani,37,510,515
10,Murmi,Bengal; Sikkim,42642,37348,Naipali,Naipali,37198,510,515
10,Murmi,Bengal; Sikkim,42642,37348,Hindustani,Hindustani,167,510,515
10,Murmi,Bengal; Sikkim,42642,37348,Bhotia,Bhotia,1,510,515
10,Murmi,Bengal; Sikkim,42642,37348,Rai,Rai,1,510,515
10,Murmi,Bengal; Sikkim,42642,37348,Rong,Rong,1,510,515
11,Sunwar,Bengal; Sikkim,3395,3202,Naipali,Naipali,3169,510,515
11,Sunwar,Bengal; Sikkim,3395,3202,Hindustani,Hindustani,45,510,515
12,Magari,Bengal; Sikkim,14997,12336,Naipali,Naipali,12166,510,515
12,Magari,Bengal; Sikkim,14997,12336,Hindustani,Hindustani,201,510,515
12,Magari,Bengal; Sikkim,14997,12336,Bengali,Bengali,1,510,515
13,Newari,Bengal; Sikkim,9455,8554,Naipali,Naipali,8539,510,515
13,Newari,Bengal; Sikkim,9455,8554,Hindustani,Hindustani,63,510,515
13,Newari,Bengal; Sikkim,9455,8554,Bengali,Bengali,3,510,515
13,Newari,Bengal; Sikkim,9455,8554,Rai,Rai,1,510,515
14,Rong or Lepcha,Bengal; Sikkim,25149,16805,Naipali,Naipali,16536,510,515
14,Rong or Lepcha,Bengal; Sikkim,25149,16805,Bhotia,Bhotia,196,510,515
14,Rong or Lepcha,Bengal; Sikkim,25149,16805,Hindustani,Hindustani,176,510,515
14,Rong or Lepcha,Bengal; Sikkim,25149,16805,Limbu,Limbu,2,510,515
15,Bara or Bodo Group,Bengal,246870,20572,Bengali,Bengali,19456,510,515
15,Bara or Bodo Group,Bengal,246870,20572,Hindustani,Hindustani,1211,510,515
15,Bara or Bodo Group,Bengal,246870,20572,Arakanese,Arakanese,2,510,515
16,Kuki-Chin Group,Bengal,36606,4152,Bengali,Bengali,4007,510,515
16,Kuki-Chin Group,Bengal,36606,4152,Arakanese,Arakanese,79,510,515
16,Kuki-Chin Group,Bengal,36606,4152,Hindustani,Hindustani,63,510,515
16,Kuki-Chin Group,Bengal,36606,4152,Naipali,Naipali,2,510,515
16,Kuki-Chin Group,Bengal,36606,4152,Lushei,Lushei,2,510,515
17,Burma Group,Bengal; Burma,9957075,30551,Tai (Shan) Group,Tai (Shan) Group,16536,510,515
17,Burma Group,Bengal; Burma,9957075,30551,Other Tibeto-Burmese Groups,Other Tibeto-Burman languages,4501,510,515
17,Burma Group,Bengal; Burma,9957075,30551,Karen Group,Karen Group,3488,510,515
17,Burma Group,Bengal; Burma,9957075,30551,Bengali,Bengali,2721,510,515
17,Burma Group,Bengal; Burma,9957075,30551,Mon Khmer Group,Mon-Khmer Group,2621,510,515
17,Burma Group,Bengal; Burma,9957075,30551,Burmese,Burmese,511,510,515
17,Burma Group,Bengal; Burma,9957075,30551,Arakanese,Arakanese,80,510,515
17,Burma Group,Bengal; Burma,9957075,30551,Hindustani,Hindustani,17,510,515
17,Burma Group,Bengal; Burma,9957075,30551,Naipali,Naipali,10,510,515
17,Burma Group,Bengal; Burma,9957075,30551,Khyang,Khyang,8,510,515
18,Mro,Bengal,3793,1,Bengali,Bengali,1,510,515
19,Tai Group,Burma,1021909,247781,Burma Group,Burma Group,240185,510,515
19,Tai Group,Burma,1021909,247781,Karen Group,Karen Group,5230,510,515
19,Tai Group,Burma,1021909,247781,Other Tibeto-Burmese Groups,Other Tibeto-Burman languages,1393,510,515
19,Tai Group,Burma,1021909,247781,Mon-Khmer Group,Mon-Khmer Group,973,510,515
20,Karen Group,Burma,1341066,782832,Burma Group,Burma Group,763897,510,515
20,Karen Group,Burma,1341066,782832,Tai (Shan) Group,Tai (Shan) Group,15101,510,515
20,Karen Group,Burma,1341066,782832,Mon Khmer Group,Mon-Khmer Group,3810,510,515
20,Karen Group,Burma,1341066,782832,Other Tibeto-Burmese Groups,Other Tibeto-Burman languages,24,510,515
21,Tamil,Bengal; Bihar and Orissa; Madras; Hyderabad; Cochin; Travancore; Mysore,20177594,755118,Telugu,Telugu,359161,510,515
21,Tamil,Bengal; Bihar and Orissa; Madras; Hyderabad; Cochin; Travancore; Mysore,20177594,755118,Malayalam,Malayalam,222999,510,515
21,Tamil,Bengal; Bihar and Orissa; Madras; Hyderabad; Cochin; Travancore; Mysore,20177594,755118,Kanarese,Kanarese,124209,510,515
21,Tamil,Bengal; Bihar and Orissa; Madras; Hyderabad; Cochin; Travancore; Mysore,20177594,755118,Hindustani,Hindustani,43089,510,515
21,Tamil,Bengal; Bihar and Orissa; Madras; Hyderabad; Cochin; Travancore; Mysore,20177594,755118,English,English,4796,510,515
21,Tamil,Bengal; Bihar and Orissa; Madras; Hyderabad; Cochin; Travancore; Mysore,20177594,755118,Marathi,Marathi,207,510,515
21,Tamil,Bengal; Bihar and Orissa; Madras; Hyderabad; Cochin; Travancore; Mysore,20177594,755118,Saurasthri,Saurashtri,160,510,515
21,Tamil,Bengal; Bihar and Orissa; Madras; Hyderabad; Cochin; Travancore; Mysore,20177594,755118,Oriya,Oriya,149,510,515
21,Tamil,Bengal; Bihar and Orissa; Madras; Hyderabad; Cochin; Travancore; Mysore,20177594,755118,Bengali,Bengali,127,510,515
21,Tamil,Bengal; Bihar and Orissa; Madras; Hyderabad; Cochin; Travancore; Mysore,20177594,755118,Tulu,Tulu,93,510,515
21,Tamil,Bengal; Bihar and Orissa; Madras; Hyderabad; Cochin; Travancore; Mysore,20177594,755118,Hill and Aboriginal,Hill and Aboriginal,74,510,515
21,Tamil,Bengal; Bihar and Orissa; Madras; Hyderabad; Cochin; Travancore; Mysore,20177594,755118,Konkani,Konkani,14,510,515
21,Tamil,Bengal; Bihar and Orissa; Madras; Hyderabad; Cochin; Travancore; Mysore,20177594,755118,Banjari,Banjari,11,510,515
21,Tamil,Bengal; Bihar and Orissa; Madras; Hyderabad; Cochin; Travancore; Mysore,20177594,755118,Naipali,Naipali,10,510,515
21,Tamil,Bengal; Bihar and Orissa; Madras; Hyderabad; Cochin; Travancore; Mysore,20177594,755118,Mundari,Mundari,5,510,515
21,Tamil,Bengal; Bihar and Orissa; Madras; Hyderabad; Cochin; Travancore; Mysore,20177594,755118,Gujarati,Gujarati,1,510,515
22,Malayalam,Bengal; Coorg; Madras; Travancore; Cochin,9101440,183829,Tamil,Tamil,72692,510,515
22,Malayalam,Bengal; Coorg; Madras; Travancore; Cochin,9101440,183829,Tulu,Tulu,59370,510,515
22,Malayalam,Bengal; Coorg; Madras; Travancore; Cochin,9101440,183829,English,English,29342,510,515
22,Malayalam,Bengal; Coorg; Madras; Travancore; Cochin,9101440,183829,Kanarese,Kanarese,7321,510,515
22,Malayalam,Bengal; Coorg; Madras; Travancore; Cochin,9101440,183829,Telugu,Telugu,1245,510,515
22,Malayalam,Bengal; Coorg; Madras; Travancore; Cochin,9101440,183829,Hindustani,Hindustani,1084,510,515
22,Malayalam,Bengal; Coorg; Madras; Travancore; Cochin,9101440,183829,Coorgi,Kodagu or Coorgi,285,510,515
22,Malayalam,Bengal; Coorg; Madras; Travancore; Cochin,9101440,183829,Konkani,Konkani,28,510,515
22,Malayalam,Bengal; Coorg; Madras; Travancore; Cochin,9101440,183829,Bengali,Bengali,21,510,515
22,Malayalam,Bengal; Coorg; Madras; Travancore; Cochin,9101440,183829,Oriya,Oriya,5,510,515
23,Kanarese,Bengal; Bombay; Coorg; Madras; Hyderabad; Cochin; Travancore; Mysore,11196103,1378517,Telugu,Telugu,487053,510,515
23,Kanarese,Bengal; Bombay; Coorg; Madras; Hyderabad; Cochin; Travancore; Mysore,11196103,1378517,Tamil,Tamil,463005,510,515
23,Kanarese,Bengal; Bombay; Coorg; Madras; Hyderabad; Cochin; Travancore; Mysore,11196103,1378517,Marathi,Marathi,185521,510,515
23,Kanarese,Bengal; Bombay; Coorg; Madras; Hyderabad; Cochin; Travancore; Mysore,11196103,1378517,Hindustani,Hindustani,84457,510,515
23,Kanarese,Bengal; Bombay; Coorg; Madras; Hyderabad; Cochin; Travancore; Mysore,11196103,1378517,Tulu,Tulu,38015,510,515
23,Kanarese,Bengal; Bombay; Coorg; Madras; Hyderabad; Cochin; Travancore; Mysore,11196103,1378517,Western Hind.,Western Hindi,28038,510,515
23,Kanarese,Bengal; Bombay; Coorg; Madras; Hyderabad; Cochin; Travancore; Mysore,11196103,1378517,Konkani,Konkani,15457,510,515
23,Kanarese,Bengal; Bombay; Coorg; Madras; Hyderabad; Cochin; Travancore; Mysore,11196103,1378517,Malayalam,Malayalam,13953,510,515
23,Kanarese,Bengal; Bombay; Coorg; Madras; Hyderabad; Cochin; Travancore; Mysore,11196103,1378517,Kodagu or Coorgi,Kodagu or Coorgi,1342,510,515
23,Kanarese,Bengal; Bombay; Coorg; Madras; Hyderabad; Cochin; Travancore; Mysore,11196103,1378517,English,English,566,510,515
23,Kanarese,Bengal; Bombay; Coorg; Madras; Hyderabad; Cochin; Travancore; Mysore,11196103,1378517,Gujarati,Gujarati,251,510,515
23,Kanarese,Bengal; Bombay; Coorg; Madras; Hyderabad; Cochin; Travancore; Mysore,11196103,1378517,Banjari,Banjari,228,510,515
23,Kanarese,Bengal; Bombay; Coorg; Madras; Hyderabad; Cochin; Travancore; Mysore,11196103,1378517,Hill and Aboriginal,Hill and Aboriginal,36,510,515
23,Kanarese,Bengal; Bombay; Coorg; Madras; Hyderabad; Cochin; Travancore; Mysore,11196103,1378517,Oriya,Oriya,15,510,515
23,Kanarese,Bengal; Bombay; Coorg; Madras; Hyderabad; Cochin; Travancore; Mysore,11196103,1378517,Bengali,Bengali,2,510,515
23,Kanarese,Bengal; Bombay; Coorg; Madras; Hyderabad; Cochin; Travancore; Mysore,11196103,1378517,Yerava,Yerava,1,510,515
24,Kodagu or Coorgi,Coorg,44585,44585,Kanarese,Kanarese,22870,510,515
24,Kodagu or Coorgi,Coorg,44585,44585,Malayalam,Malayalam,58,510,515
24,Kodagu or Coorgi,Coorg,44585,44585,Tulu,Tulu,19,510,515
24,Kodagu or Coorgi,Coorg,44585,44585,Yerava,Yerava,1,510,515
25,Tulu,Coorg; Madras; Cochin; Travancore; Mysore,629425,99987,Kanarese,Kanarese,81850,510,515
25,Tulu,Coorg; Madras; Cochin; Travancore; Mysore,629425,99987,Malayalam,Malayalam,8361,510,515
25,Tulu,Coorg; Madras; Cochin; Travancore; Mysore,629425,99987,Tamil,Tamil,640,510,515
25,Tulu,Coorg; Madras; Cochin; Travancore; Mysore,629425,99987,Kodagu or Coorgi,Kodagu or Coorgi,443,510,515
25,Tulu,Coorg; Madras; Cochin; Travancore; Mysore,629425,99987,Hindustani,Hindustani,234,510,515
25,Tulu,Coorg; Madras; Cochin; Travancore; Mysore,629425,99987,Telugu,Telugu,88,510,515
25,Tulu,Coorg; Madras; Cochin; Travancore; Mysore,629425,99987,Konkani,Konkani,59,510,515
25,Tulu,Coorg; Madras; Cochin; Travancore; Mysore,629425,99987,English,English,28,510,515
25,Tulu,Coorg; Madras; Cochin; Travancore; Mysore,629425,99987,Marathi,Marathi,11,510,515
25,Tulu,Coorg; Madras; Cochin; Travancore; Mysore,629425,99987,Yerava,Yerava,10,510,515
26,Kurukh or Oraon,Bengal; Bihar and Orissa,984486,620889,Hindustani,Hindustani,469785,511,516
26,Kurukh or Oraon,Bengal; Bihar and Orissa,984486,620889,Oriya,Oriya,126759,511,516
26,Kurukh or Oraon,Bengal; Bihar and Orissa,984486,620889,Bengali,Bengali,18723,511,516
26,Kurukh or Oraon,Bengal; Bihar and Orissa,984486,620889,Mundari,Mundari,4665,511,516
26,Kurukh or Oraon,Bengal; Bihar and Orissa,984486,620889,Naipali,Naipali,928,511,516
26,Kurukh or Oraon,Bengal; Bihar and Orissa,984486,620889,Ho,Ho,311,511,516
26,Kurukh or Oraon,Bengal; Bihar and Orissa,984486,620889,Kherwari,Kherwari,7,511,516
26,Kurukh or Oraon,Bengal; Bihar and Orissa,984486,620889,Santali,Santali,6,511,516
27,Malto,Bengal; Bihar and Orissa,70755,9732,Hindustani,Hindustani,6407,511,516
27,Malto,Bengal; Bihar and Orissa,70755,9732,Bengali,Bengali,2446,511,516
27,Malto,Bengal; Bihar and Orissa,70755,9732,Santali,Santali,849,511,516
27,Malto,Bengal; Bihar and Orissa,70755,9732,Oriya,Oriya,30,511,516
28,Gondi,Bengal; Bihar and Orissa; Central Provinces and Berar; Central India Agency; Hyderabad,1720790,867574,Hindustani,Hindustani,495823,511,516
28,Gondi,Bengal; Bihar and Orissa; Central Provinces and Berar; Central India Agency; Hyderabad,1720790,867574,Marathi,Marathi,321388,511,516
28,Gondi,Bengal; Bihar and Orissa; Central Provinces and Berar; Central India Agency; Hyderabad,1720790,867574,Telugu,Telugu,21592,511,516
28,Gondi,Bengal; Bihar and Orissa; Central Provinces and Berar; Central India Agency; Hyderabad,1720790,867574,Western Hindi,Western Hindi,11576,511,516
28,Gondi,Bengal; Bihar and Orissa; Central Provinces and Berar; Central India Agency; Hyderabad,1720790,867574,Eastern Hindi,Eastern Hindi,10053,511,516
28,Gondi,Bengal; Bihar and Orissa; Central Provinces and Berar; Central India Agency; Hyderabad,1720790,867574,Oriya,Oriya,5372,511,516
28,Gondi,Bengal; Bihar and Orissa; Central Provinces and Berar; Central India Agency; Hyderabad,1720790,867574,Rajasthani,Rajasthani,1432,511,516
28,Gondi,Bengal; Bihar and Orissa; Central Provinces and Berar; Central India Agency; Hyderabad,1720790,867574,Ho,Ho,195,511,516
28,Gondi,Bengal; Bihar and Orissa; Central Provinces and Berar; Central India Agency; Hyderabad,1720790,867574,Korku,Korku,130,511,516
28,Gondi,Bengal; Bihar and Orissa; Central Provinces and Berar; Central India Agency; Hyderabad,1720790,867574,Kanarese,Kanarese,12,511,516
28,Gondi,Bengal; Bihar and Orissa; Central Provinces and Berar; Central India Agency; Hyderabad,1720790,867574,Bengali,Bengali,1,511,516
29,Kandhi or Kui,Bihar and Orissa; Madras,578928,194239,Oriya,Oriya,145117,511,516
29,Kandhi or Kui,Bihar and Orissa; Madras,578928,194239,Telugu,Telugu,44994,511,516
29,Kandhi or Kui,Bihar and Orissa; Madras,578928,194239,Hill and Aboriginal,Hill and Aboriginal,4120,511,516
29,Kandhi or Kui,Bihar and Orissa; Madras,578928,194239,Hindustani,Hindustani,8,511,516
30,Telugu,Bengal; Bihar and Orissa; Bombay; Central Provinces and Berar; Madras; Hyderabad; Cochin; Travancore; Mysore,26176411,3575685,Tamil,Tamil,2333625,511,516
30,Telugu,Bengal; Bihar and Orissa; Bombay; Central Provinces and Berar; Madras; Hyderabad; Cochin; Travancore; Mysore,26176411,3575685,Kanarese,Kanarese,710825,511,516
30,Telugu,Bengal; Bihar and Orissa; Bombay; Central Provinces and Berar; Madras; Hyderabad; Cochin; Travancore; Mysore,26176411,3575685,Hindustani,Hindustani,233262,511,516
30,Telugu,Bengal; Bihar and Orissa; Bombay; Central Provinces and Berar; Madras; Hyderabad; Cochin; Travancore; Mysore,26176411,3575685,Marathi,Marathi,144148,511,516
30,Telugu,Bengal; Bihar and Orissa; Bombay; Central Provinces and Berar; Madras; Hyderabad; Cochin; Travancore; Mysore,26176411,3575685,Oriya,Oriya,122471,511,516
30,Telugu,Bengal; Bihar and Orissa; Bombay; Central Provinces and Berar; Madras; Hyderabad; Cochin; Travancore; Mysore,26176411,3575685,Malayalam,Malayalam,21286,511,516
30,Telugu,Bengal; Bihar and Orissa; Bombay; Central Provinces and Berar; Madras; Hyderabad; Cochin; Travancore; Mysore,26176411,3575685,Hill and Aboriginal,Hill and Aboriginal,4232,511,516
30,Telugu,Bengal; Bihar and Orissa; Bombay; Central Provinces and Berar; Madras; Hyderabad; Cochin; Travancore; Mysore,26176411,3575685,Western Hindi,Western Hindi,3035,511,516
30,Telugu,Bengal; Bihar and Orissa; Bombay; Central Provinces and Berar; Madras; Hyderabad; Cochin; Travancore; Mysore,26176411,3575685,Gondi,Gondi,1243,511,516
30,Telugu,Bengal; Bihar and Orissa; Bombay; Central Provinces and Berar; Madras; Hyderabad; Cochin; Travancore; Mysore,26176411,3575685,Bengali,Bengali,807,511,516
30,Telugu,Bengal; Bihar and Orissa; Bombay; Central Provinces and Berar; Madras; Hyderabad; Cochin; Travancore; Mysore,26176411,3575685,English,English,401,511,516
30,Telugu,Bengal; Bihar and Orissa; Bombay; Central Provinces and Berar; Madras; Hyderabad; Cochin; Travancore; Mysore,26176411,3575685,Gujarati,Gujarati,211,511,516
30,Telugu,Bengal; Bihar and Orissa; Bombay; Central Provinces and Berar; Madras; Hyderabad; Cochin; Travancore; Mysore,26176411,3575685,Tulu,Tulu,66,511,516
30,Telugu,Bengal; Bihar and Orissa; Bombay; Central Provinces and Berar; Madras; Hyderabad; Cochin; Travancore; Mysore,26176411,3575685,Naipali,Naipali,15,511,516
30,Telugu,Bengal; Bihar and Orissa; Bombay; Central Provinces and Berar; Madras; Hyderabad; Cochin; Travancore; Mysore,26176411,3575685,Arabic,Arabic,5,511,516
30,Telugu,Bengal; Bihar and Orissa; Bombay; Central Provinces and Berar; Madras; Hyderabad; Cochin; Travancore; Mysore,26176411,3575685,Banjari,Banjari,4,511,516
30,Telugu,Bengal; Bihar and Orissa; Bombay; Central Provinces and Berar; Madras; Hyderabad; Cochin; Travancore; Mysore,26176411,3575685,Saurashtri,Saurashtri,2,511,516
30,Telugu,Bengal; Bihar and Orissa; Bombay; Central Provinces and Berar; Madras; Hyderabad; Cochin; Travancore; Mysore,26176411,3575685,Konkani,Konkani,2,511,516
31,Brahui,Baluchistan; Bombay,207040,48585,Sindhi,Sindhi,31198,511,516
31,Brahui,Baluchistan; Bombay,207040,48585,Balochi,Balochi,6738,511,516
31,Brahui,Baluchistan; Bombay,207040,48585,Western Hindi,Western Hindi,5319,511,516
31,Brahui,Baluchistan; Bombay,207040,48585,Pashto,Pashto,2663,511,516
31,Brahui,Baluchistan; Bombay,207040,48585,Dehwari,Dehwari,1795,511,516
31,Brahui,Baluchistan; Bombay,207040,48585,Persian,Persian,684,511,516
31,Brahui,Baluchistan; Bombay,207040,48585,Unspecified Jagdali and Jatki,Unspecified Jagdali and Jatki,90,511,516
31,Brahui,Baluchistan; Bombay,207040,48585,Lahnda,Lahnda,51,511,516
31,Brahui,Baluchistan; Bombay,207040,48585,Kachchhi,Kachchhi,35,511,516
31,Brahui,Baluchistan; Bombay,207040,48585,Thareli or Dhatki,Thareli or Dhatki,12,511,516
32,Pashto,Baluchistan; Bengal; North-West Frontier Province; Punjab,1594303,84148,Lahnda,Lahnda,38668,511,516
32,Pashto,Baluchistan; Bengal; North-West Frontier Province; Punjab,1594303,84148,Panjabi,Panjabi,21295,511,516
32,Pashto,Baluchistan; Bengal; North-West Frontier Province; Punjab,1594303,84148,Hindustani,Hindustani,14138,511,516
32,Pashto,Baluchistan; Bengal; North-West Frontier Province; Punjab,1594303,84148,Brahui,Brahui,2399,511,516
32,Pashto,Baluchistan; Bengal; North-West Frontier Province; Punjab,1594303,84148,English,English,2095,511,516
32,Pashto,Baluchistan; Bengal; North-West Frontier Province; Punjab,1594303,84148,Persian,Persian,2013,511,516
32,Pashto,Baluchistan; Bengal; North-West Frontier Province; Punjab,1594303,84148,Balochi,Balochi,1185,511,516
32,Pashto,Baluchistan; Bengal; North-West Frontier Province; Punjab,1594303,84148,Unspecified Jagdali and Jatki,Unspecified Jagdali and Jatki,1060,511,516
32,Pashto,Baluchistan; Bengal; North-West Frontier Province; Punjab,1594303,84148,Arabic,Arabic,578,511,516
32,Pashto,Baluchistan; Bengal; North-West Frontier Province; Punjab,1594303,84148,Dehwari,Dehwari,184,511,516
32,Pashto,Baluchistan; Bengal; North-West Frontier Province; Punjab,1594303,84148,Bengali,Bengali,173,511,516
32,Pashto,Baluchistan; Bengal; North-West Frontier Province; Punjab,1594303,84148,Gujari,Gujari,139,511,516
32,Pashto,Baluchistan; Bengal; North-West Frontier Province; Punjab,1594303,84148,Hindi,Hindi,116,511,516
32,Pashto,Baluchistan; Bengal; North-West Frontier Province; Punjab,1594303,84148,Kohistani,Kohistani,39,511,516
32,Pashto,Baluchistan; Bengal; North-West Frontier Province; Punjab,1594303,84148,Western Pahari,Western Pahari,17,511,516
32,Pashto,Baluchistan; Bengal; North-West Frontier Province; Punjab,1594303,84148,Turkish,Turkish,6,511,516
33,Balochi,Baluchistan; Bombay; Punjab,625708,235791,Sindhi,Sindhi,200570,511,516
33,Balochi,Baluchistan; Bombay; Punjab,625708,235791,Lahnda,Lahnda,12889,511,516
33,Balochi,Baluchistan; Bombay; Punjab,625708,235791,Brahui,Brahui,16904,511,516
33,Balochi,Baluchistan; Bombay; Punjab,625708,235791,Western Hindi,Western Hindi,2047,511,516
33,Balochi,Baluchistan; Bombay; Punjab,625708,235791,Pashto,Pashto,1562,511,516
33,Balochi,Baluchistan; Bombay; Punjab,625708,235791,Dehwari,Dehwari,941,511,516
33,Balochi,Baluchistan; Bombay; Punjab,625708,235791,Siraiki or Jatki,Siraiki or Jatki,842,511,516
33,Balochi,Baluchistan; Bombay; Punjab,625708,235791,Persian,Persian,295,511,516
33,Balochi,Baluchistan; Bombay; Punjab,625708,235791,Unspecified Jagdali and Jatki,Unspecified Jagdali and Jatki,154,511,516
33,Balochi,Baluchistan; Bombay; Punjab,625708,235791,Gujarati,Gujarati,86,511,516
33,Balochi,Baluchistan; Bombay; Punjab,625708,235791,Hindustani,Hindustani,82,511,516
33,Balochi,Baluchistan; Bombay; Punjab,625708,235791,Marathi,Marathi,13,511,516
34,Persian,Baluchistan,5233,2487,Brahui,Brahui,2305,511,516
34,Persian,Baluchistan,5233,2487,Western Hindi,Western Hindi,163,511,516
34,Persian,Baluchistan,5233,2487,Pashto,Pashto,11,511,516
34,Persian,Baluchistan,5233,2487,Sindhi,Sindhi,8,511,516
35,Shina,Jammu and Kashmir,68199,413,Panjabi,Panjabi,381,511,516
35,Shina,Jammu and Kashmir,68199,413,Kashmiri,Kashmiri,28,511,516
35,Shina,Jammu and Kashmir,68199,413,Dogri,Dogri,4,511,516
36,Kashmiri,North-West Frontier Province; Punjab; Jammu and Kashmir,1437237,23916,Panjabi,Panjabi,15018,511,516
36,Kashmiri,North-West Frontier Province; Punjab; Jammu and Kashmir,1437237,23916,Dogri,Dogri,3573,511,516
36,Kashmiri,North-West Frontier Province; Punjab; Jammu and Kashmir,1437237,23916,Hindustani,Hindustani,3594,511,516
36,Kashmiri,North-West Frontier Province; Punjab; Jammu and Kashmir,1437237,23916,Western Pahari,Western Pahari,1245,511,516
36,Kashmiri,North-West Frontier Province; Punjab; Jammu and Kashmir,1437237,23916,Lahnda,Lahnda,358,511,516
36,Kashmiri,North-West Frontier Province; Punjab; Jammu and Kashmir,1437237,23916,Pashto,Pashto,82,511,516
36,Kashmiri,North-West Frontier Province; Punjab; Jammu and Kashmir,1437237,23916,English,English,38,511,516
36,Kashmiri,North-West Frontier Province; Punjab; Jammu and Kashmir,1437237,23916,Persian,Persian,8,511,516
37,Kohistani,North-West Frontier Province,388,184,Lahnda,Lahnda,87,511,516
37,Kohistani,North-West Frontier Province,388,184,Pashto,Pashto,75,511,516
37,Kohistani,North-West Frontier Province,388,184,Panjabi,Panjabi,21,511,516
37,Kohistani,North-West Frontier Province,388,184,Persian,Persian,1,511,516
38,Lahnda or Western Punjabi,Baluchistan; North-West Frontier Province; Punjab; Jammu and Kashmir,3069186,180460,Pashto,Pashto,81707,511,516
38,Lahnda or Western Punjabi,Baluchistan; North-West Frontier Province; Punjab; Jammu and Kashmir,3069186,180460,Balochi,Balochi,61018,511,516
38,Lahnda or Western Punjabi,Baluchistan; North-West Frontier Province; Punjab; Jammu and Kashmir,3069186,180460,Hindustani,Hindustani,21469,511,516
38,Lahnda or Western Punjabi,Baluchistan; North-West Frontier Province; Punjab; Jammu and Kashmir,3069186,180460,Panjabi,Panjabi,8960,511,516
38,Lahnda or Western Punjabi,Baluchistan; North-West Frontier Province; Punjab; Jammu and Kashmir,3069186,180460,English,English,2900,511,516
38,Lahnda or Western Punjabi,Baluchistan; North-West Frontier Province; Punjab; Jammu and Kashmir,3069186,180460,Persian,Persian,1935,511,516
38,Lahnda or Western Punjabi,Baluchistan; North-West Frontier Province; Punjab; Jammu and Kashmir,3069186,180460,Sindhi,Sindhi,1276,511,516
38,Lahnda or Western Punjabi,Baluchistan; North-West Frontier Province; Punjab; Jammu and Kashmir,3069186,180460,Rajasthani,Rajasthani,299,511,516
38,Lahnda or Western Punjabi,Baluchistan; North-West Frontier Province; Punjab; Jammu and Kashmir,3069186,180460,Arabic,Arabic,196,511,516
38,Lahnda or Western Punjabi,Baluchistan; North-West Frontier Province; Punjab; Jammu and Kashmir,3069186,180460,Kohistani,Kohistani,156,511,516
38,Lahnda or Western Punjabi,Baluchistan; North-West Frontier Province; Punjab; Jammu and Kashmir,3069186,180460,Gujari,Gujari,152,511,516
38,Lahnda or Western Punjabi,Baluchistan; North-West Frontier Province; Punjab; Jammu and Kashmir,3069186,180460,Unspecified Jagdali and Jatki,Unspecified Jagdali and Jatki,104,511,516
38,Lahnda or Western Punjabi,Baluchistan; North-West Frontier Province; Punjab; Jammu and Kashmir,3069186,180460,Brahui,Brahui,97,511,516
38,Lahnda or Western Punjabi,Baluchistan; North-West Frontier Province; Punjab; Jammu and Kashmir,3069186,180460,Dogri,Dogri,60,511,516
38,Lahnda or Western Punjabi,Baluchistan; North-West Frontier Province; Punjab; Jammu and Kashmir,3069186,180460,Naipali,Naipali,47,511,516
38,Lahnda or Western Punjabi,Baluchistan; North-West Frontier Province; Punjab; Jammu and Kashmir,3069186,180460,Western Hindi,Western Hindi,40,511,516
38,Lahnda or Western Punjabi,Baluchistan; North-West Frontier Province; Punjab; Jammu and Kashmir,3069186,180460,Kashmiri,Kashmiri,36,511,516
38,Lahnda or Western Punjabi,Baluchistan; North-West Frontier Province; Punjab; Jammu and Kashmir,3069186,180460,Bengali,Bengali,8,511,516
39,Sindhi,Baluchistan; Bengal; Bombay; Baroda; Cochin; Rajputana Agency; Western India States Agency,3967042,173009,Gujarati,Gujarati,108333,511,516
39,Sindhi,Baluchistan; Bengal; Bombay; Baroda; Cochin; Rajputana Agency; Western India States Agency,3967042,173009,Western Hindi,Western Hindi,23359,511,516
39,Sindhi,Baluchistan; Bengal; Bombay; Baroda; Cochin; Rajputana Agency; Western India States Agency,3967042,173009,Siraiki,Siraiki or Jatki,13614,511,516
39,Sindhi,Baluchistan; Bengal; Bombay; Baroda; Cochin; Rajputana Agency; Western India States Agency,3967042,173009,Balochi,Balochi,11540,511,516
39,Sindhi,Baluchistan; Bengal; Bombay; Baroda; Cochin; Rajputana Agency; Western India States Agency,3967042,173009,English,English,9259,511,516
39,Sindhi,Baluchistan; Bengal; Bombay; Baroda; Cochin; Rajputana Agency; Western India States Agency,3967042,173009,Brahui,Brahui,2816,511,516
39,Sindhi,Baluchistan; Bengal; Bombay; Baroda; Cochin; Rajputana Agency; Western India States Agency,3967042,173009,Panjabi,Panjabi,2403,511,516
39,Sindhi,Baluchistan; Bengal; Bombay; Baroda; Cochin; Rajputana Agency; Western India States Agency,3967042,173009,Marathi,Marathi,2013,511,516
39,Sindhi,Baluchistan; Bengal; Bombay; Baroda; Cochin; Rajputana Agency; Western India States Agency,3967042,173009,Pashto,Pashto,1118,511,516
39,Sindhi,Baluchistan; Bengal; Bombay; Baroda; Cochin; Rajputana Agency; Western India States Agency,3967042,173009,Malayalam,Malayalam,580,511,516
39,Sindhi,Baluchistan; Bengal; Bombay; Baroda; Cochin; Rajputana Agency; Western India States Agency,3967042,173009,Lahnda,Lahnda,356,511,516
39,Sindhi,Baluchistan; Bengal; Bombay; Baroda; Cochin; Rajputana Agency; Western India States Agency,3967042,173009,Persian,Persian,352,511,516
39,Sindhi,Baluchistan; Bengal; Bombay; Baroda; Cochin; Rajputana Agency; Western India States Agency,3967042,173009,Hindustani,Hindustani,114,511,516
39,Sindhi,Baluchistan; Bengal; Bombay; Baroda; Cochin; Rajputana Agency; Western India States Agency,3967042,173009,Rajasthani,Rajasthani,86,511,516
39,Sindhi,Baluchistan; Bengal; Bombay; Baroda; Cochin; Rajputana Agency; Western India States Agency,3967042,173009,Kanarese,Kanarese,62,511,516
39,Sindhi,Baluchistan; Bengal; Bombay; Baroda; Cochin; Rajputana Agency; Western India States Agency,3967042,173009,Unspecified Jagdali and Jatki,Unspecified Jagdali and Jatki,26,511,516
39,Sindhi,Baluchistan; Bengal; Bombay; Baroda; Cochin; Rajputana Agency; Western India States Agency,3967042,173009,Dehwari,Dehwari,14,511,516
39,Sindhi,Baluchistan; Bengal; Bombay; Baroda; Cochin; Rajputana Agency; Western India States Agency,3967042,173009,Tamil,Tamil,5,511,516
39,Sindhi,Baluchistan; Bengal; Bombay; Baroda; Cochin; Rajputana Agency; Western India States Agency,3967042,173009,Naipali,Naipali,2,511,516
40,Marathi,Bengal; Bombay; Central Provinces and Berar; Baroda; Central India Agency; Hyderabad; Cochin,20739201,1039414,Hindustani,Hindustani,502446,511,516
40,Marathi,Bengal; Bombay; Central Provinces and Berar; Baroda; Central India Agency; Hyderabad; Cochin,20739201,1039414,Kanarese,Kanarese,279310,511,516
40,Marathi,Bengal; Bombay; Central Provinces and Berar; Baroda; Central India Agency; Hyderabad; Cochin,20739201,1039414,Telugu,Telugu,63583,511,516
40,Marathi,Bengal; Bombay; Central Provinces and Berar; Baroda; Central India Agency; Hyderabad; Cochin,20739201,1039414,Western Hindi,Western Hindi,58312,511,516
40,Marathi,Bengal; Bombay; Central Provinces and Berar; Baroda; Central India Agency; Hyderabad; Cochin,20739201,1039414,Gujarati,Gujarati,42466,511,516
40,Marathi,Bengal; Bombay; Central Provinces and Berar; Baroda; Central India Agency; Hyderabad; Cochin,20739201,1039414,Khandeshi,Ahirani or Khandeshi,23144,511,516
40,Marathi,Bengal; Bombay; Central Provinces and Berar; Baroda; Central India Agency; Hyderabad; Cochin,20739201,1039414,Gondi,Gondi,22833,511,516
40,Marathi,Bengal; Bombay; Central Provinces and Berar; Baroda; Central India Agency; Hyderabad; Cochin,20739201,1039414,English,English,16116,511,516
40,Marathi,Bengal; Bombay; Central Provinces and Berar; Baroda; Central India Agency; Hyderabad; Cochin,20739201,1039414,Malayalam,Malayalam,9860,511,516
40,Marathi,Bengal; Bombay; Central Provinces and Berar; Baroda; Central India Agency; Hyderabad; Cochin,20739201,1039414,Oriya,Oriya,9348,511,516
40,Marathi,Bengal; Bombay; Central Provinces and Berar; Baroda; Central India Agency; Hyderabad; Cochin,20739201,1039414,Rajasthani,Rajasthani,5475,511,516
40,Marathi,Bengal; Bombay; Central Provinces and Berar; Baroda; Central India Agency; Hyderabad; Cochin,20739201,1039414,Konkani,Konkani,3393,511,516
40,Marathi,Bengal; Bombay; Central Provinces and Berar; Baroda; Central India Agency; Hyderabad; Cochin,20739201,1039414,Tamil,Tamil,2427,511,516
40,Marathi,Bengal; Bombay; Central Provinces and Berar; Baroda; Central India Agency; Hyderabad; Cochin,20739201,1039414,Tulu,Tulu,520,511,516
40,Marathi,Bengal; Bombay; Central Provinces and Berar; Baroda; Central India Agency; Hyderabad; Cochin,20739201,1039414,Eastern Hindi,Eastern Hindi,81,511,516
40,Marathi,Bengal; Bombay; Central Provinces and Berar; Baroda; Central India Agency; Hyderabad; Cochin,20739201,1039414,Bengali,Bengali,40,511,516
40,Marathi,Bengal; Bombay; Central Provinces and Berar; Baroda; Central India Agency; Hyderabad; Cochin,20739201,1039414,Korku,Korku,24,511,516
40,Marathi,Bengal; Bombay; Central Provinces and Berar; Baroda; Central India Agency; Hyderabad; Cochin,20739201,1039414,Kachchhi,Kachchhi,9,511,516
41,Konkani,Bombay; Madras; Cochin; Travancore; Mysore,466386,252598,Kanarese,Kanarese,111548,511,516
41,Konkani,Bombay; Madras; Cochin; Travancore; Mysore,466386,252598,Tulu,Tulu,80568,511,516
41,Konkani,Bombay; Madras; Cochin; Travancore; Mysore,466386,252598,Malayalam,Malayalam,27459,511,516
41,Konkani,Bombay; Madras; Cochin; Travancore; Mysore,466386,252598,Marathi,Marathi,13609,511,516
41,Konkani,Bombay; Madras; Cochin; Travancore; Mysore,466386,252598,English,English,11133,511,516
41,Konkani,Bombay; Madras; Cochin; Travancore; Mysore,466386,252598,Western Hindi,Western Hindi,6194,511,516
41,Konkani,Bombay; Madras; Cochin; Travancore; Mysore,466386,252598,Hindustani,Hindustani,1147,511,516
41,Konkani,Bombay; Madras; Cochin; Travancore; Mysore,466386,252598,Gujarati,Gujarati,503,511,516
41,Konkani,Bombay; Madras; Cochin; Travancore; Mysore,466386,252598,Tamil,Tamil,427,511,516
41,Konkani,Bombay; Madras; Cochin; Travancore; Mysore,466386,252598,Telugu,Telugu,40,511,516
42,Oriya,Bengal; Bihar and Orissa; Central Provinces and Berar; Madras,10928759,351163,Telugu,Telugu,133624,511,516
42,Oriya,Bengal; Bihar and Orissa; Central Provinces and Berar; Madras,10928759,351163,Hindustani,Hindustani,91242,511,516
42,Oriya,Bengal; Bihar and Orissa; Central Provinces and Berar; Madras,10928759,351163,Ho,Ho,53484,511,516
42,Oriya,Bengal; Bihar and Orissa; Central Provinces and Berar; Madras,10928759,351163,Bengali,Bengali,37476,511,516
42,Oriya,Bengal; Bihar and Orissa; Central Provinces and Berar; Madras,10928759,351163,Hill and Aboriginal,Hill and Aboriginal,17766,511,516
42,Oriya,Bengal; Bihar and Orissa; Central Provinces and Berar; Madras,10928759,351163,Marathi,Marathi,10917,511,516
42,Oriya,Bengal; Bihar and Orissa; Central Provinces and Berar; Madras,10928759,351163,Kandhi,Kandhi or Kui,5278,511,516
42,Oriya,Bengal; Bihar and Orissa; Central Provinces and Berar; Madras,10928759,351163,Gondi,Gondi,1664,511,516
42,Oriya,Bengal; Bihar and Orissa; Central Provinces and Berar; Madras,10928759,351163,Mundari,Mundari,886,511,516
42,Oriya,Bengal; Bihar and Orissa; Central Provinces and Berar; Madras,10928759,351163,Tamil,Tamil,189,511,516
42,Oriya,Bengal; Bihar and Orissa; Central Provinces and Berar; Madras,10928759,351163,Kanarese,Kanarese,118,511,516
42,Oriya,Bengal; Bihar and Orissa; Central Provinces and Berar; Madras,10928759,351163,Naipali,Naipali,8,511,516
42,Oriya,Bengal; Bihar and Orissa; Central Provinces and Berar; Madras,10928759,351163,Kurukh or Oraon,Kurukh or Oraon,5,511,516
42,Oriya,Bengal; Bihar and Orissa; Central Provinces and Berar; Madras,10928759,351163,Malayalam,Malayalam,5,511,516
42,Oriya,Bengal; Bihar and Orissa; Central Provinces and Berar; Madras,10928759,351163,Assamese,Assamese,2,511,516
42,Oriya,Bengal; Bihar and Orissa; Central Provinces and Berar; Madras,10928759,351163,Kherwari,Kherwari,2,511,516
43,Bengali,Assam; Bengal; Bihar and Orissa; Cochin,53037841,339048,Hindustani,Hindustani,156521,512,517
43,Bengali,Assam; Bengal; Bihar and Orissa; Cochin,53037841,339048,Oriya,Oriya,88043,512,517
43,Bengali,Assam; Bengal; Bihar and Orissa; Cochin,53037841,339048,Assamese,Assamese,39127,512,517
43,Bengali,Assam; Bengal; Bihar and Orissa; Cochin,53037841,339048,Santali,Santali,2172,512,517
43,Bengali,Assam; Bengal; Bihar and Orissa; Cochin,53037841,339048,Kherwari,Kherwari,1786,512,517
43,Bengali,Assam; Bengal; Bihar and Orissa; Cochin,53037841,339048,Arabic,Arabic,1759,512,517
43,Bengali,Assam; Bengal; Bihar and Orissa; Cochin,53037841,339048,Ho,Ho,565,512,517
43,Bengali,Assam; Bengal; Bihar and Orissa; Cochin,53037841,339048,Naipali,Naipali,414,512,517
43,Bengali,Assam; Bengal; Bihar and Orissa; Cochin,53037841,339048,Mundari,Mundari,334,512,517
43,Bengali,Assam; Bengal; Bihar and Orissa; Cochin,53037841,339048,Arakanese,Arakanese,315,512,517
43,Bengali,Assam; Bengal; Bihar and Orissa; Cochin,53037841,339048,Tibeto-Burmese Languages,Tibeto-Burmese Languages,192,512,517
43,Bengali,Assam; Bengal; Bihar and Orissa; Cochin,53037841,339048,Khasi,Khasi,173,512,517
43,Bengali,Assam; Bengal; Bihar and Orissa; Cochin,53037841,339048,Koch,Koch,86,512,517
43,Bengali,Assam; Bengal; Bihar and Orissa; Cochin,53037841,339048,Kurukh,Kurukh or Oraon,62,512,517
43,Bengali,Assam; Bengal; Bihar and Orissa; Cochin,53037841,339048,Burmese,Burmese,23,512,517
43,Bengali,Assam; Bengal; Bihar and Orissa; Cochin,53037841,339048,Gujarati,Gujarati,19,512,517
43,Bengali,Assam; Bengal; Bihar and Orissa; Cochin,53037841,339048,Telugu,Telugu,13,512,517
43,Bengali,Assam; Bengal; Bihar and Orissa; Cochin,53037841,339048,Panjabi,Panjabi,4,512,517
43,Bengali,Assam; Bengal; Bihar and Orissa; Cochin,53037841,339048,English,English,2,512,517
43,Bengali,Assam; Bengal; Bihar and Orissa; Cochin,53037841,339048,Tamil,Tamil,2,512,517
43,Bengali,Assam; Bengal; Bihar and Orissa; Cochin,53037841,339048,Marathi,Marathi,1,512,517
43,Bengali,Assam; Bengal; Bihar and Orissa; Cochin,53037841,339048,Rajasthani,Rajasthani,1,512,517
43,Bengali,Assam; Bengal; Bihar and Orissa; Cochin,53037841,339048,Rong,Rong,1,512,517
44,Assamese,Assam; Bengal,1997314,22412,Bengali,Bengali,20752,512,517
44,Assamese,Assam; Bengal,1997314,22412,Tibeto-Burmese Languages,Tibeto-Burmese Languages,1581,512,517
44,Assamese,Assam; Bengal,1997314,22412,Khasi,Khasi,49,512,517
44,Assamese,Assam; Bengal,1997314,22412,Hindustani,Hindustani,22,512,517
44,Assamese,Assam; Bengal,1997314,22412,Naipali,Naipali,2,512,517
44,Assamese,Assam; Bengal,1997314,22412,Arakanese,Arakanese,1,512,517
44,Assamese,Assam; Bengal,1997314,22412,Garo,Garo,1,512,517
45,Eastern Hindi,Bengal; Bihar and Orissa; Central Provinces and Berar; Central India Agency; Sikkim,41363439,912257,Marathi,Marathi,376809,512,517
45,Eastern Hindi,Bengal; Bihar and Orissa; Central Provinces and Berar; Central India Agency; Sikkim,41363439,912257,Bengali,Bengali,235447,512,517
45,Eastern Hindi,Bengal; Bihar and Orissa; Central Provinces and Berar; Central India Agency; Sikkim,41363439,912257,Oriya,Oriya,217003,512,517
45,Eastern Hindi,Bengal; Bihar and Orissa; Central Provinces and Berar; Central India Agency; Sikkim,41363439,912257,Kherwari,Kherwari,18526,512,517
45,Eastern Hindi,Bengal; Bihar and Orissa; Central Provinces and Berar; Central India Agency; Sikkim,41363439,912257,Gondi,Gondi,16541,512,517
45,Eastern Hindi,Bengal; Bihar and Orissa; Central Provinces and Berar; Central India Agency; Sikkim,41363439,912257,Western Hindi,Western Hindi,16131,512,517
45,Eastern Hindi,Bengal; Bihar and Orissa; Central Provinces and Berar; Central India Agency; Sikkim,41363439,912257,Mundari,Mundari,9799,512,517
45,Eastern Hindi,Bengal; Bihar and Orissa; Central Provinces and Berar; Central India Agency; Sikkim,41363439,912257,Santali,Santali,3197,512,517
45,Eastern Hindi,Bengal; Bihar and Orissa; Central Provinces and Berar; Central India Agency; Sikkim,41363439,912257,Kurukh or Oraon,Kurukh or Oraon,4143,512,517
45,Eastern Hindi,Bengal; Bihar and Orissa; Central Provinces and Berar; Central India Agency; Sikkim,41363439,912257,Ho,Ho,3061,512,517
45,Eastern Hindi,Bengal; Bihar and Orissa; Central Provinces and Berar; Central India Agency; Sikkim,41363439,912257,Naipali,Naipali,2990,512,517
45,Eastern Hindi,Bengal; Bihar and Orissa; Central Provinces and Berar; Central India Agency; Sikkim,41363439,912257,Telugu,Telugu,2458,512,517
45,Eastern Hindi,Bengal; Bihar and Orissa; Central Provinces and Berar; Central India Agency; Sikkim,41363439,912257,Rajasthani,Rajasthani,1324,512,517
45,Eastern Hindi,Bengal; Bihar and Orissa; Central Provinces and Berar; Central India Agency; Sikkim,41363439,912257,Korku,Korku,901,512,517
45,Eastern Hindi,Bengal; Bihar and Orissa; Central Provinces and Berar; Central India Agency; Sikkim,41363439,912257,Arabic,Arabic,401,512,517
45,Eastern Hindi,Bengal; Bihar and Orissa; Central Provinces and Berar; Central India Agency; Sikkim,41363439,912257,Murmi,Murmi,328,512,517
45,Eastern Hindi,Bengal; Bihar and Orissa; Central Provinces and Berar; Central India Agency; Sikkim,41363439,912257,Panjabi,Panjabi,116,512,517
45,Eastern Hindi,Bengal; Bihar and Orissa; Central Provinces and Berar; Central India Agency; Sikkim,41363439,912257,Assamese,Assamese,60,512,517
45,Eastern Hindi,Bengal; Bihar and Orissa; Central Provinces and Berar; Central India Agency; Sikkim,41363439,912257,Kharia,Kharia,39,512,517
45,Eastern Hindi,Bengal; Bihar and Orissa; Central Provinces and Berar; Central India Agency; Sikkim,41363439,912257,Gujarati,Gujarati,33,512,517
45,Eastern Hindi,Bengal; Bihar and Orissa; Central Provinces and Berar; Central India Agency; Sikkim,41363439,912257,Tamil,Tamil,31,512,517
45,Eastern Hindi,Bengal; Bihar and Orissa; Central Provinces and Berar; Central India Agency; Sikkim,41363439,912257,Pashto,Pashto,9,512,517
45,Eastern Hindi,Bengal; Bihar and Orissa; Central Provinces and Berar; Central India Agency; Sikkim,41363439,912257,Magari,Magari,7,512,517
45,Eastern Hindi,Bengal; Bihar and Orissa; Central Provinces and Berar; Central India Agency; Sikkim,41363439,912257,Bhotia,Bhotia,2,512,517
45,Eastern Hindi,Bengal; Bihar and Orissa; Central Provinces and Berar; Central India Agency; Sikkim,41363439,912257,Sindhi,Sindhi,2,512,517
45,Eastern Hindi,Bengal; Bihar and Orissa; Central Provinces and Berar; Central India Agency; Sikkim,41363439,912257,Burmese,Burmese,1,512,517
45,Eastern Hindi,Bengal; Bihar and Orissa; Central Provinces and Berar; Central India Agency; Sikkim,41363439,912257,Kanarese,Kanarese,1,512,517
45,Eastern Hindi,Bengal; Bihar and Orissa; Central Provinces and Berar; Central India Agency; Sikkim,41363439,912257,Malayalam,Malayalam,1,512,517
45,Eastern Hindi,Bengal; Bihar and Orissa; Central Provinces and Berar; Central India Agency; Sikkim,41363439,912257,Newari,Newari,1,512,517
46,Western Hindi,Baluchistan; Bombay; Delhi; Madras; North-West Frontier Province; Punjab; United Provinces; Baroda; Central India Agency; Gwalior; Hyderabad; Cochin; Travancore; Mysore; Western India States Agency,63627043,1273600,Telugu,Telugu,608637,512,517
46,Western Hindi,Baluchistan; Bombay; Delhi; Madras; North-West Frontier Province; Punjab; United Provinces; Baroda; Central India Agency; Gwalior; Hyderabad; Cochin; Travancore; Mysore; Western India States Agency,63627043,1273600,Kanarese,Kanarese,542167,512,517
46,Western Hindi,Baluchistan; Bombay; Delhi; Madras; North-West Frontier Province; Punjab; United Provinces; Baroda; Central India Agency; Gwalior; Hyderabad; Cochin; Travancore; Mysore; Western India States Agency,63627043,1273600,Marathi,Marathi,308946,512,517
46,Western Hindi,Baluchistan; Bombay; Delhi; Madras; North-West Frontier Province; Punjab; United Provinces; Baroda; Central India Agency; Gwalior; Hyderabad; Cochin; Travancore; Mysore; Western India States Agency,63627043,1273600,Tamil,Tamil,248245,512,517
46,Western Hindi,Baluchistan; Bombay; Delhi; Madras; North-West Frontier Province; Punjab; United Provinces; Baroda; Central India Agency; Gwalior; Hyderabad; Cochin; Travancore; Mysore; Western India States Agency,63627043,1273600,Gujarati,Gujarati,186246,512,517
46,Western Hindi,Baluchistan; Bombay; Delhi; Madras; North-West Frontier Province; Punjab; United Provinces; Baroda; Central India Agency; Gwalior; Hyderabad; Cochin; Travancore; Mysore; Western India States Agency,63627043,1273600,Panjabi,Panjabi,75559,512,517
46,Western Hindi,Baluchistan; Bombay; Delhi; Madras; North-West Frontier Province; Punjab; United Provinces; Baroda; Central India Agency; Gwalior; Hyderabad; Cochin; Travancore; Mysore; Western India States Agency,63627043,1273600,Rajasthani,Rajasthani,62428,512,517
46,Western Hindi,Baluchistan; Bombay; Delhi; Madras; North-West Frontier Province; Punjab; United Provinces; Baroda; Central India Agency; Gwalior; Hyderabad; Cochin; Travancore; Mysore; Western India States Agency,63627043,1273600,Eastern Hindi,Eastern Hindi,8790,512,517
46,Western Hindi,Baluchistan; Bombay; Delhi; Madras; North-West Frontier Province; Punjab; United Provinces; Baroda; Central India Agency; Gwalior; Hyderabad; Cochin; Travancore; Mysore; Western India States Agency,63627043,1273600,Konkani,Konkani,6952,512,517
46,Western Hindi,Baluchistan; Bombay; Delhi; Madras; North-West Frontier Province; Punjab; United Provinces; Baroda; Central India Agency; Gwalior; Hyderabad; Cochin; Travancore; Mysore; Western India States Agency,63627043,1273600,Malayalam,Malayalam,6568,512,517
46,Western Hindi,Baluchistan; Bombay; Delhi; Madras; North-West Frontier Province; Punjab; United Provinces; Baroda; Central India Agency; Gwalior; Hyderabad; Cochin; Travancore; Mysore; Western India States Agency,63627043,1273600,English,English,4678,512,517
46,Western Hindi,Baluchistan; Bombay; Delhi; Madras; North-West Frontier Province; Punjab; United Provinces; Baroda; Central India Agency; Gwalior; Hyderabad; Cochin; Travancore; Mysore; Western India States Agency,63627043,1273600,Sindhi,Sindhi,4574,512,517
46,Western Hindi,Baluchistan; Bombay; Delhi; Madras; North-West Frontier Province; Punjab; United Provinces; Baroda; Central India Agency; Gwalior; Hyderabad; Cochin; Travancore; Mysore; Western India States Agency,63627043,1273600,Lahnda,Lahnda,3223,512,517
46,Western Hindi,Baluchistan; Bombay; Delhi; Madras; North-West Frontier Province; Punjab; United Provinces; Baroda; Central India Agency; Gwalior; Hyderabad; Cochin; Travancore; Mysore; Western India States Agency,63627043,1273600,Oriya,Oriya,2303,512,517
46,Western Hindi,Baluchistan; Bombay; Delhi; Madras; North-West Frontier Province; Punjab; United Provinces; Baroda; Central India Agency; Gwalior; Hyderabad; Cochin; Travancore; Mysore; Western India States Agency,63627043,1273600,Pashto,Pashto,2520,512,517
46,Western Hindi,Baluchistan; Bombay; Delhi; Madras; North-West Frontier Province; Punjab; United Provinces; Baroda; Central India Agency; Gwalior; Hyderabad; Cochin; Travancore; Mysore; Western India States Agency,63627043,1273600,Bhotia,Bhotia,1316,512,517
46,Western Hindi,Baluchistan; Bombay; Delhi; Madras; North-West Frontier Province; Punjab; United Provinces; Baroda; Central India Agency; Gwalior; Hyderabad; Cochin; Travancore; Mysore; Western India States Agency,63627043,1273600,Ahirani,Ahirani or Khandeshi,1192,512,517
46,Western Hindi,Baluchistan; Bombay; Delhi; Madras; North-West Frontier Province; Punjab; United Provinces; Baroda; Central India Agency; Gwalior; Hyderabad; Cochin; Travancore; Mysore; Western India States Agency,63627043,1273600,Kachchhi,Kachchhi,1019,512,517
46,Western Hindi,Baluchistan; Bombay; Delhi; Madras; North-West Frontier Province; Punjab; United Provinces; Baroda; Central India Agency; Gwalior; Hyderabad; Cochin; Travancore; Mysore; Western India States Agency,63627043,1273600,Bhili,Bhili,899,512,517
46,Western Hindi,Baluchistan; Bombay; Delhi; Madras; North-West Frontier Province; Punjab; United Provinces; Baroda; Central India Agency; Gwalior; Hyderabad; Cochin; Travancore; Mysore; Western India States Agency,63627043,1273600,Persian,Persian,817,512,517
46,Western Hindi,Baluchistan; Bombay; Delhi; Madras; North-West Frontier Province; Punjab; United Provinces; Baroda; Central India Agency; Gwalior; Hyderabad; Cochin; Travancore; Mysore; Western India States Agency,63627043,1273600,Western Pahari,Western Pahari,511,512,517
46,Western Hindi,Baluchistan; Bombay; Delhi; Madras; North-West Frontier Province; Punjab; United Provinces; Baroda; Central India Agency; Gwalior; Hyderabad; Cochin; Travancore; Mysore; Western India States Agency,63627043,1273600,Tulu,Tulu,468,512,517
46,Western Hindi,Baluchistan; Bombay; Delhi; Madras; North-West Frontier Province; Punjab; United Provinces; Baroda; Central India Agency; Gwalior; Hyderabad; Cochin; Travancore; Mysore; Western India States Agency,63627043,1273600,Naipali,Naipali,387,512,517
46,Western Hindi,Baluchistan; Bombay; Delhi; Madras; North-West Frontier Province; Punjab; United Provinces; Baroda; Central India Agency; Gwalior; Hyderabad; Cochin; Travancore; Mysore; Western India States Agency,63627043,1273600,Haburi,Haburi,76,512,517
46,Western Hindi,Baluchistan; Bombay; Delhi; Madras; North-West Frontier Province; Punjab; United Provinces; Baroda; Central India Agency; Gwalior; Hyderabad; Cochin; Travancore; Mysore; Western India States Agency,63627043,1273600,Kashmiri,Kashmiri,74,512,517
46,Western Hindi,Baluchistan; Bombay; Delhi; Madras; North-West Frontier Province; Punjab; United Provinces; Baroda; Central India Agency; Gwalior; Hyderabad; Cochin; Travancore; Mysore; Western India States Agency,63627043,1273600,Arabic,Arabic,23,512,517
46,Western Hindi,Baluchistan; Bombay; Delhi; Madras; North-West Frontier Province; Punjab; United Provinces; Baroda; Central India Agency; Gwalior; Hyderabad; Cochin; Travancore; Mysore; Western India States Agency,63627043,1273600,Balochi,Balochi,18,512,517
46,Western Hindi,Baluchistan; Bombay; Delhi; Madras; North-West Frontier Province; Punjab; United Provinces; Baroda; Central India Agency; Gwalior; Hyderabad; Cochin; Travancore; Mysore; Western India States Agency,63627043,1273600,Brahui,Brahui,11,512,517
46,Western Hindi,Baluchistan; Bombay; Delhi; Madras; North-West Frontier Province; Punjab; United Provinces; Baroda; Central India Agency; Gwalior; Hyderabad; Cochin; Travancore; Mysore; Western India States Agency,63627043,1273600,Saurashtri,Saurashtri,4,512,517
46,Western Hindi,Baluchistan; Bombay; Delhi; Madras; North-West Frontier Province; Punjab; United Provinces; Baroda; Central India Agency; Gwalior; Hyderabad; Cochin; Travancore; Mysore; Western India States Agency,63627043,1273600,Unspecified Jagdali and Jatki,Unspecified Jagdali and Jatki,4,512,517
46,Western Hindi,Baluchistan; Bombay; Delhi; Madras; North-West Frontier Province; Punjab; United Provinces; Baroda; Central India Agency; Gwalior; Hyderabad; Cochin; Travancore; Mysore; Western India States Agency,63627043,1273600,Bihari,Bihari,3,512,517
46,Western Hindi,Baluchistan; Bombay; Delhi; Madras; North-West Frontier Province; Punjab; United Provinces; Baroda; Central India Agency; Gwalior; Hyderabad; Cochin; Travancore; Mysore; Western India States Agency,63627043,1273600,Banjari,Banjari,2,512,517
46,Western Hindi,Baluchistan; Bombay; Delhi; Madras; North-West Frontier Province; Punjab; United Provinces; Baroda; Central India Agency; Gwalior; Hyderabad; Cochin; Travancore; Mysore; Western India States Agency,63627043,1273600,Hill and Aboriginal,Hill and Aboriginal,1,512,517
46,Western Hindi,Baluchistan; Bombay; Delhi; Madras; North-West Frontier Province; Punjab; United Provinces; Baroda; Central India Agency; Gwalior; Hyderabad; Cochin; Travancore; Mysore; Western India States Agency,63627043,1273600,Others,Others,6,512,517
47,Rajasthani,Bengal; Bombay; Delhi; Punjab; Central India Agency; Gwalior; Hyderabad; Mysore; Sikkim,12683173,464563,Western Hindi,Western Hindi,157968,512,517
47,Rajasthani,Bengal; Bombay; Delhi; Punjab; Central India Agency; Gwalior; Hyderabad; Mysore; Sikkim,12683173,464563,Kanarese,Kanarese,81557,512,517
47,Rajasthani,Bengal; Bombay; Delhi; Punjab; Central India Agency; Gwalior; Hyderabad; Mysore; Sikkim,12683173,464563,Sindhi,Sindhi,54177,512,517
47,Rajasthani,Bengal; Bombay; Delhi; Punjab; Central India Agency; Gwalior; Hyderabad; Mysore; Sikkim,12683173,464563,Marathi,Marathi,53771,512,517
47,Rajasthani,Bengal; Bombay; Delhi; Punjab; Central India Agency; Gwalior; Hyderabad; Mysore; Sikkim,12683173,464563,Telugu,Telugu,50852,512,517
47,Rajasthani,Bengal; Bombay; Delhi; Punjab; Central India Agency; Gwalior; Hyderabad; Mysore; Sikkim,12683173,464563,Hindustani,Hindustani,34391,512,517
47,Rajasthani,Bengal; Bombay; Delhi; Punjab; Central India Agency; Gwalior; Hyderabad; Mysore; Sikkim,12683173,464563,Gujarati,Gujarati,15341,512,517
47,Rajasthani,Bengal; Bombay; Delhi; Punjab; Central India Agency; Gwalior; Hyderabad; Mysore; Sikkim,12683173,464563,Panjabi,Panjabi,8325,512,517
47,Rajasthani,Bengal; Bombay; Delhi; Punjab; Central India Agency; Gwalior; Hyderabad; Mysore; Sikkim,12683173,464563,Lahnda,Lahnda,3131,512,517
47,Rajasthani,Bengal; Bombay; Delhi; Punjab; Central India Agency; Gwalior; Hyderabad; Mysore; Sikkim,12683173,464563,Bhili,Bhili,2820,512,517
47,Rajasthani,Bengal; Bombay; Delhi; Punjab; Central India Agency; Gwalior; Hyderabad; Mysore; Sikkim,12683173,464563,Bengali,Bengali,2121,512,517
47,Rajasthani,Bengal; Bombay; Delhi; Punjab; Central India Agency; Gwalior; Hyderabad; Mysore; Sikkim,12683173,464563,Naipali,Naipali,805,512,517
47,Rajasthani,Bengal; Bombay; Delhi; Punjab; Central India Agency; Gwalior; Hyderabad; Mysore; Sikkim,12683173,464563,Thareli,Thareli or Dhatki,326,512,517
47,Rajasthani,Bengal; Bombay; Delhi; Punjab; Central India Agency; Gwalior; Hyderabad; Mysore; Sikkim,12683173,464563,Eastern Hindi,Eastern Hindi,226,512,517
47,Rajasthani,Bengal; Bombay; Delhi; Punjab; Central India Agency; Gwalior; Hyderabad; Mysore; Sikkim,12683173,464563,Kachchhi,Kachchhi,52,512,517
47,Rajasthani,Bengal; Bombay; Delhi; Punjab; Central India Agency; Gwalior; Hyderabad; Mysore; Sikkim,12683173,464563,Tamil,Tamil,42,512,517
47,Rajasthani,Bengal; Bombay; Delhi; Punjab; Central India Agency; Gwalior; Hyderabad; Mysore; Sikkim,12683173,464563,English,English,9,512,517
47,Rajasthani,Bengal; Bombay; Delhi; Punjab; Central India Agency; Gwalior; Hyderabad; Mysore; Sikkim,12683173,464563,Tulu,Tulu,1,512,517
48,Gujarati,Bengal; Bombay; Baroda; Central India Agency; Gwalior; Hyderabad; Cochin; Rajputana Agency; Western India States Agency,10633861,256415,Western Hindi,Western Hindi,85494,512,517
48,Gujarati,Bengal; Bombay; Baroda; Central India Agency; Gwalior; Hyderabad; Cochin; Rajputana Agency; Western India States Agency,10633861,256415,Kachchhi,Kachchhi,53277,512,517
48,Gujarati,Bengal; Bombay; Baroda; Central India Agency; Gwalior; Hyderabad; Cochin; Rajputana Agency; Western India States Agency,10633861,256415,Marathi,Marathi,50569,512,517
48,Gujarati,Bengal; Bombay; Baroda; Central India Agency; Gwalior; Hyderabad; Cochin; Rajputana Agency; Western India States Agency,10633861,256415,English,English,27530,512,517
48,Gujarati,Bengal; Bombay; Baroda; Central India Agency; Gwalior; Hyderabad; Cochin; Rajputana Agency; Western India States Agency,10633861,256415,Rajasthani,Rajasthani,20491,512,517
48,Gujarati,Bengal; Bombay; Baroda; Central India Agency; Gwalior; Hyderabad; Cochin; Rajputana Agency; Western India States Agency,10633861,256415,Hindustani,Hindustani,8284,512,517
48,Gujarati,Bengal; Bombay; Baroda; Central India Agency; Gwalior; Hyderabad; Cochin; Rajputana Agency; Western India States Agency,10633861,256415,Bhili,Bhili,6740,512,517
48,Gujarati,Bengal; Bombay; Baroda; Central India Agency; Gwalior; Hyderabad; Cochin; Rajputana Agency; Western India States Agency,10633861,256415,Kanarese,Kanarese,2095,512,517
48,Gujarati,Bengal; Bombay; Baroda; Central India Agency; Gwalior; Hyderabad; Cochin; Rajputana Agency; Western India States Agency,10633861,256415,Malayalam,Malayalam,670,512,517
48,Gujarati,Bengal; Bombay; Baroda; Central India Agency; Gwalior; Hyderabad; Cochin; Rajputana Agency; Western India States Agency,10633861,256415,Sindhi,Sindhi,661,512,517
48,Gujarati,Bengal; Bombay; Baroda; Central India Agency; Gwalior; Hyderabad; Cochin; Rajputana Agency; Western India States Agency,10633861,256415,Telugu,Telugu,224,512,517
48,Gujarati,Bengal; Bombay; Baroda; Central India Agency; Gwalior; Hyderabad; Cochin; Rajputana Agency; Western India States Agency,10633861,256415,Bengali,Bengali,132,512,517
48,Gujarati,Bengal; Bombay; Baroda; Central India Agency; Gwalior; Hyderabad; Cochin; Rajputana Agency; Western India States Agency,10633861,256415,Eastern Hindi,Eastern Hindi,49,512,517
48,Gujarati,Bengal; Bombay; Baroda; Central India Agency; Gwalior; Hyderabad; Cochin; Rajputana Agency; Western India States Agency,10633861,256415,Panjabi,Panjabi,19,512,517
48,Gujarati,Bengal; Bombay; Baroda; Central India Agency; Gwalior; Hyderabad; Cochin; Rajputana Agency; Western India States Agency,10633861,256415,Naipali,Naipali,5,512,517
48,Gujarati,Bengal; Bombay; Baroda; Central India Agency; Gwalior; Hyderabad; Cochin; Rajputana Agency; Western India States Agency,10633861,256415,Tamil,Tamil,4,512,517
49,Bhili,Bombay; Baroda; Central India Agency; Central Provinces; Gwalior; Hyderabad; Rajputana Agency,2185876,209328,Gujarati,Gujarati,97512,512,517
49,Bhili,Bombay; Baroda; Central India Agency; Central Provinces; Gwalior; Hyderabad; Rajputana Agency,2185876,209328,Marathi,Marathi,57846,512,517
49,Bhili,Bombay; Baroda; Central India Agency; Central Provinces; Gwalior; Hyderabad; Rajputana Agency,2185876,209328,Rajasthani,Rajasthani,23380,512,517
49,Bhili,Bombay; Baroda; Central India Agency; Central Provinces; Gwalior; Hyderabad; Rajputana Agency,2185876,209328,Hindustani,Hindustani,19421,512,517
49,Bhili,Bombay; Baroda; Central India Agency; Central Provinces; Gwalior; Hyderabad; Rajputana Agency,2185876,209328,Western Hindi,Western Hindi,7626,512,517
49,Bhili,Bombay; Baroda; Central India Agency; Central Provinces; Gwalior; Hyderabad; Rajputana Agency,2185876,209328,Sindhi,Sindhi,2548,512,517
49,Bhili,Bombay; Baroda; Central India Agency; Central Provinces; Gwalior; Hyderabad; Rajputana Agency,2185876,209328,Ahirani or Khandeshi,Ahirani or Khandeshi,995,512,517
50,Khandesi,Bombay,222168,14285,Marathi,Marathi,13523,512,517
50,Khandesi,Bombay,222168,14285,Bhili,Bhili,627,512,517
50,Khandesi,Bombay,222168,14285,Western Hindi,Western Hindi,76,512,517
50,Khandesi,Bombay,222168,14285,Gujarati,Gujarati,59,512,517
51,Punjabi,Bengal; Bombay; Delhi; North-West Frontier Province; Punjab; Jammu and Kashmir; Rajputana Agency; Sikkim,15725193,210446,Hindustani,Hindustani,147085,512,517
51,Punjabi,Bengal; Bombay; Delhi; North-West Frontier Province; Punjab; Jammu and Kashmir; Rajputana Agency; Sikkim,15725193,210446,Kashmiri,Kashmiri,13593,512,517
51,Punjabi,Bengal; Bombay; Delhi; North-West Frontier Province; Punjab; Jammu and Kashmir; Rajputana Agency; Sikkim,15725193,210446,Western Hindi,Western Hindi,11170,512,517
51,Punjabi,Bengal; Bombay; Delhi; North-West Frontier Province; Punjab; Jammu and Kashmir; Rajputana Agency; Sikkim,15725193,210446,Lahnda,Lahnda,9975,512,517
51,Punjabi,Bengal; Bombay; Delhi; North-West Frontier Province; Punjab; Jammu and Kashmir; Rajputana Agency; Sikkim,15725193,210446,Sindhi,Sindhi,9059,512,517
51,Punjabi,Bengal; Bombay; Delhi; North-West Frontier Province; Punjab; Jammu and Kashmir; Rajputana Agency; Sikkim,15725193,210446,Pashto,Pashto,6487,512,517
51,Punjabi,Bengal; Bombay; Delhi; North-West Frontier Province; Punjab; Jammu and Kashmir; Rajputana Agency; Sikkim,15725193,210446,Dogri,Dogri,3584,512,517
51,Punjabi,Bengal; Bombay; Delhi; North-West Frontier Province; Punjab; Jammu and Kashmir; Rajputana Agency; Sikkim,15725193,210446,English,English,3473,512,517
51,Punjabi,Bengal; Bombay; Delhi; North-West Frontier Province; Punjab; Jammu and Kashmir; Rajputana Agency; Sikkim,15725193,210446,Western Pahari,Western Pahari,2976,512,517
51,Punjabi,Bengal; Bombay; Delhi; North-West Frontier Province; Punjab; Jammu and Kashmir; Rajputana Agency; Sikkim,15725193,210446,Persian,Persian,891,512,517
51,Punjabi,Bengal; Bombay; Delhi; North-West Frontier Province; Punjab; Jammu and Kashmir; Rajputana Agency; Sikkim,15725193,210446,Rajasthani,Rajasthani,674,512,517
51,Punjabi,Bengal; Bombay; Delhi; North-West Frontier Province; Punjab; Jammu and Kashmir; Rajputana Agency; Sikkim,15725193,210446,Marathi,Marathi,545,512,517
51,Punjabi,Bengal; Bombay; Delhi; North-West Frontier Province; Punjab; Jammu and Kashmir; Rajputana Agency; Sikkim,15725193,210446,Gujarati,Gujarati,365,512,517
51,Punjabi,Bengal; Bombay; Delhi; North-West Frontier Province; Punjab; Jammu and Kashmir; Rajputana Agency; Sikkim,15725193,210446,Kohistani,Kohistani,237,512,517
51,Punjabi,Bengal; Bombay; Delhi; North-West Frontier Province; Punjab; Jammu and Kashmir; Rajputana Agency; Sikkim,15725193,210446,Bengali,Bengali,179,512,517
51,Punjabi,Bengal; Bombay; Delhi; North-West Frontier Province; Punjab; Jammu and Kashmir; Rajputana Agency; Sikkim,15725193,210446,Siraiki,Siraiki or Jatki,106,512,517
51,Punjabi,Bengal; Bombay; Delhi; North-West Frontier Province; Punjab; Jammu and Kashmir; Rajputana Agency; Sikkim,15725193,210446,Arabic,Arabic,94,512,517
51,Punjabi,Bengal; Bombay; Delhi; North-West Frontier Province; Punjab; Jammu and Kashmir; Rajputana Agency; Sikkim,15725193,210446,Naipali,Naipali,56,512,517
51,Punjabi,Bengal; Bombay; Delhi; North-West Frontier Province; Punjab; Jammu and Kashmir; Rajputana Agency; Sikkim,15725193,210446,Kachchhi,Kachchhi,16,512,517
51,Punjabi,Bengal; Bombay; Delhi; North-West Frontier Province; Punjab; Jammu and Kashmir; Rajputana Agency; Sikkim,15725193,210446,Telugu,Telugu,4,512,517
51,Punjabi,Bengal; Bombay; Delhi; North-West Frontier Province; Punjab; Jammu and Kashmir; Rajputana Agency; Sikkim,15725193,210446,Others,Others,52,512,517
52,"Eastern Pahari, Khas-Kura or Naipali",Bengal; North-West Frontier Province; Sikkim,182744,11501,Hindustani,Hindustani,11688,512,517
52,"Eastern Pahari, Khas-Kura or Naipali",Bengal; North-West Frontier Province; Sikkim,182744,11501,Bengali,Bengali,1017,512,517
52,"Eastern Pahari, Khas-Kura or Naipali",Bengal; North-West Frontier Province; Sikkim,182744,11501,Panjabi,Panjabi,872,512,517
52,"Eastern Pahari, Khas-Kura or Naipali",Bengal; North-West Frontier Province; Sikkim,182744,11501,Bhotia,Bhotia,208,512,517
52,"Eastern Pahari, Khas-Kura or Naipali",Bengal; North-West Frontier Province; Sikkim,182744,11501,Lahnda,Lahnda,207,512,517
52,"Eastern Pahari, Khas-Kura or Naipali",Bengal; North-West Frontier Province; Sikkim,182744,11501,Magari,Magari,177,512,517
52,"Eastern Pahari, Khas-Kura or Naipali",Bengal; North-West Frontier Province; Sikkim,182744,11501,Murmi,Murmi,177,512,517
52,"Eastern Pahari, Khas-Kura or Naipali",Bengal; North-West Frontier Province; Sikkim,182744,11501,English,English,27,512,517
52,"Eastern Pahari, Khas-Kura or Naipali",Bengal; North-West Frontier Province; Sikkim,182744,11501,Rai,Rai,23,512,517
52,"Eastern Pahari, Khas-Kura or Naipali",Bengal; North-West Frontier Province; Sikkim,182744,11501,Kharia,Kharia,10,512,517
52,"Eastern Pahari, Khas-Kura or Naipali",Bengal; North-West Frontier Province; Sikkim,182744,11501,Pashto,Pashto,5,512,517
52,"Eastern Pahari, Khas-Kura or Naipali",Bengal; North-West Frontier Province; Sikkim,182744,11501,Newari,Newari,3,512,517
52,"Eastern Pahari, Khas-Kura or Naipali",Bengal; North-West Frontier Province; Sikkim,182744,11501,Assamese,Assamese,2,512,517
52,"Eastern Pahari, Khas-Kura or Naipali",Bengal; North-West Frontier Province; Sikkim,182744,11501,Kurukh,Kurukh or Oraon,2,512,517
52,"Eastern Pahari, Khas-Kura or Naipali",Bengal; North-West Frontier Province; Sikkim,182744,11501,Rajasthani,Rajasthani,2,512,517
52,"Eastern Pahari, Khas-Kura or Naipali",Bengal; North-West Frontier Province; Sikkim,182744,11501,Rong,Rong,2,512,517
52,"Eastern Pahari, Khas-Kura or Naipali",Bengal; North-West Frontier Province; Sikkim,182744,11501,Others,Others,2,512,517
53,Western Pahari,Delhi; Punjab; Jammu and Kashmir,2325646,23986,Hindustani,Hindustani,8020,512,517
53,Western Pahari,Delhi; Punjab; Jammu and Kashmir,2325646,23986,Kashmiri,Kashmiri,5941,512,517
53,Western Pahari,Delhi; Punjab; Jammu and Kashmir,2325646,23986,Panjabi,Panjabi,?,512,517
53,Western Pahari,Delhi; Punjab; Jammu and Kashmir,2325646,23986,Dogri,Dogri,4213,512,517
