classification_path,name,is_group,total_printed,table_column,printed_page,india_persons,india_males,india_females
A. Vernaculars of India,A. Vernaculars of India,1,1,5,472,349887527,180214643,169672884
A. Vernaculars of India > Austric Family,Austric Family,1,1,8,472,5342708,2675837,2666871
A. Vernaculars of India > Austric Family > Austronesian Sub-Family,Austronesian Sub-Family,1,0,,,6542,3307,3235
A. Vernaculars of India > Austric Family > Austronesian Sub-Family > Indonesian Branch,Indonesian Branch,1,0,,,6542,3307,3235
A. Vernaculars of India > Austric Family > Austronesian Sub-Family > Indonesian Branch > Malay Group,Malay Group,1,1,11,472,6542,3307,3235
A. Vernaculars of India > Austric Family > Austronesian Sub-Family > Indonesian Branch > Malay Group > Malay,Malay,0,1,14,473,4634,2397,2237
A. Vernaculars of India > Austric Family > Austronesian Sub-Family > Indonesian Branch > Malay Group > Salon,Salon,0,1,17,473,1908,910,998
A. Vernaculars of India > Austric Family > Austroasiatic Sub-Family,Austroasiatic Sub-Family,1,1,20,473,5336166,2672530,2663636
A. Vernaculars of India > Austric Family > Austroasiatic Sub-Family > Mon-Khmer Branch,Mon-Khmer Branch,1,1,23,473,726578,362253,364325
A. Vernaculars of India > Austric Family > Austroasiatic Sub-Family > Mon-Khmer Branch > Mon Group,Mon Group,1,0,,,305294,154058,151236
A. Vernaculars of India > Austric Family > Austroasiatic Sub-Family > Mon-Khmer Branch > Mon Group > Talaing,Talaing,0,1,26,473,305294,154058,151236
A. Vernaculars of India > Austric Family > Austroasiatic Sub-Family > Mon-Khmer Branch > Palaung-Wa Group,Palaung-Wa Group,1,1,29,474,177012,88963,88049
A. Vernaculars of India > Austric Family > Austroasiatic Sub-Family > Mon-Khmer Branch > Palaung-Wa Group > Wa,Wa,0,1,32,474,22142,11401,10741
A. Vernaculars of India > Austric Family > Austroasiatic Sub-Family > Mon-Khmer Branch > Palaung-Wa Group > Danaw,Danaw,0,1,35,474,1159,582,577
A. Vernaculars of India > Austric Family > Austroasiatic Sub-Family > Mon-Khmer Branch > Palaung-Wa Group > Khamuk,Khamuk,0,1,38,474,191,190,1
A. Vernaculars of India > Austric Family > Austroasiatic Sub-Family > Mon-Khmer Branch > Palaung-Wa Group > Yang (unspecified),Yang (unspecified),0,1,41,474,3151,1410,1741
A. Vernaculars of India > Austric Family > Austroasiatic Sub-Family > Mon-Khmer Branch > Palaung-Wa Group > Yanglam,Yanglam,0,1,44,474,10725,5485,5240
A. Vernaculars of India > Austric Family > Austroasiatic Sub-Family > Mon-Khmer Branch > Palaung-Wa Group > Palaung and Pale,Palaung and Pale,0,1,47,474,139644,69895,69749
A. Vernaculars of India > Austric Family > Austroasiatic Sub-Family > Mon-Khmer Branch > Khasi Group,Khasi Group,1,0,,,234387,114124,120263
A. Vernaculars of India > Austric Family > Austroasiatic Sub-Family > Mon-Khmer Branch > Khasi Group > Khasi,Khasi,0,1,50,474,234387,114124,120263
A. Vernaculars of India > Austric Family > Austroasiatic Sub-Family > Mon-Khmer Branch > Nicobar Group,Nicobar Group,1,0,,,9885,5108,4777
A. Vernaculars of India > Austric Family > Austroasiatic Sub-Family > Mon-Khmer Branch > Nicobar Group > Nicobarese,Nicobarese,0,1,53,474,9885,5108,4777
A. Vernaculars of India > Austric Family > Austroasiatic Sub-Family > Munda Branch,Munda Branch,1,1,56,474,4609588,2310277,2299311
"A. Vernaculars of India > Austric Family > Austroasiatic Sub-Family > Munda Branch > Kherwari (Santali, Mundari, Ho, etc.)","Kherwari (Santali, Mundari, Ho, etc.)",0,1,59,475,4031970,2018143,2013827
A. Vernaculars of India > Austric Family > Austroasiatic Sub-Family > Munda Branch > Korku,Korku,0,1,62,475,169728,85213,84515
A. Vernaculars of India > Austric Family > Austroasiatic Sub-Family > Munda Branch > Kharia,Kharia,0,1,65,475,152018,78792,73226
A. Vernaculars of India > Austric Family > Austroasiatic Sub-Family > Munda Branch > Juang,Juang,0,1,68,475,14583,7066,7517
A. Vernaculars of India > Austric Family > Austroasiatic Sub-Family > Munda Branch > Sawara,Sawara,0,1,71,475,194947,97898,97049
A. Vernaculars of India > Austric Family > Austroasiatic Sub-Family > Munda Branch > Gadaba,Gadaba,0,1,74,475,44371,22128,22243
A. Vernaculars of India > Austric Family > Austroasiatic Sub-Family > Munda Branch > Munda (unspecified),Munda (unspecified),0,1,77,476,1971,1037,934
A. Vernaculars of India > Tibeto-Chinese Family,Tibeto-Chinese Family,1,1,80,476,14010496,6909046,7101450
A. Vernaculars of India > Tibeto-Chinese Family > Tibeto-Burman Sub-Family,Tibeto-Burman Sub-Family,1,1,83,476,12982840,6392133,6590707
A. Vernaculars of India > Tibeto-Chinese Family > Tibeto-Burman Sub-Family > Tibeto-Himalayan Branch,Tibeto-Himalayan Branch,1,1,86,476,468499,235342,233157
A. Vernaculars of India > Tibeto-Chinese Family > Tibeto-Burman Sub-Family > Tibeto-Himalayan Branch > Tibetan Group,Tibetan Group,1,1,89,476,252063,127012,125051
A. Vernaculars of India > Tibeto-Chinese Family > Tibeto-Burman Sub-Family > Tibeto-Himalayan Branch > Tibetan Group > Bhotia of Tibet or Tibetan,Bhotia of Tibet or Tibetan,0,1,92,476,9799,5444,4355
A. Vernaculars of India > Tibeto-Chinese Family > Tibeto-Burman Sub-Family > Tibeto-Himalayan Branch > Tibetan Group > Bhotia of Baltistan or Balti,Bhotia of Baltistan or Balti,0,1,95,477,137914,68467,69447
A. Vernaculars of India > Tibeto-Chinese Family > Tibeto-Burman Sub-Family > Tibeto-Himalayan Branch > Tibetan Group > Bhotia of Ladakh or Ladakhi,Bhotia of Ladakh or Ladakhi,0,1,98,477,41444,20571,20873
A. Vernaculars of India > Tibeto-Chinese Family > Tibeto-Burman Sub-Family > Tibeto-Himalayan Branch > Tibetan Group > Bhotia of Sharpa,Bhotia of Sharpa,0,1,101,477,11677,6235,5442
A. Vernaculars of India > Tibeto-Chinese Family > Tibeto-Burman Sub-Family > Tibeto-Himalayan Branch > Tibetan Group > Bhotia of Bhutan or Lhoke,Bhotia of Bhutan or Lhoke,0,1,104,477,2819,1792,1027
A. Vernaculars of India > Tibeto-Chinese Family > Tibeto-Burman Sub-Family > Tibeto-Himalayan Branch > Tibetan Group > Bhotia of Sikkim,Bhotia of Sikkim,0,1,107,477,11108,5611,5497
A. Vernaculars of India > Tibeto-Chinese Family > Tibeto-Burman Sub-Family > Tibeto-Himalayan Branch > Tibetan Group > Bhotia (Others),Bhotia (Others),0,1,110,477,37302,18892,18410
A. Vernaculars of India > Tibeto-Chinese Family > Tibeto-Burman Sub-Family > Tibeto-Himalayan Branch > Pronominalized Himalayan Group,Pronominalized Himalayan Group,1,1,113,477,113952,56028,57924
A. Vernaculars of India > Tibeto-Chinese Family > Tibeto-Burman Sub-Family > Tibeto-Himalayan Branch > Pronominalized Himalayan Group > Kanauri,Kanauri,0,1,116,477,26122,12071,14051
A. Vernaculars of India > Tibeto-Chinese Family > Tibeto-Burman Sub-Family > Tibeto-Himalayan Branch > Pronominalized Himalayan Group > Kanashi,Kanashi,0,1,119,477,348,170,178
A. Vernaculars of India > Tibeto-Chinese Family > Tibeto-Burman Sub-Family > Tibeto-Himalayan Branch > Pronominalized Himalayan Group > Kiranti,Kiranti,0,1,122,477,87482,43787,43695
A. Vernaculars of India > Tibeto-Chinese Family > Tibeto-Burman Sub-Family > Tibeto-Himalayan Branch > Non-Pronominalized Himalayan Group,Non-Pronominalized Himalayan Group,1,1,125,477,102484,52302,50182
A. Vernaculars of India > Tibeto-Chinese Family > Tibeto-Burman Sub-Family > Tibeto-Himalayan Branch > Non-Pronominalized Himalayan Group > Gurung,Gurung,0,1,128,477,3609,1861,1748
A. Vernaculars of India > Tibeto-Chinese Family > Tibeto-Burman Sub-Family > Tibeto-Himalayan Branch > Non-Pronominalized Himalayan Group > Murmi,Murmi,0,1,131,478,42673,21926,20747
A. Vernaculars of India > Tibeto-Chinese Family > Tibeto-Burman Sub-Family > Tibeto-Himalayan Branch > Non-Pronominalized Himalayan Group > Sunwar,Sunwar,0,1,134,478,3433,1683,1750
A. Vernaculars of India > Tibeto-Chinese Family > Tibeto-Burman Sub-Family > Tibeto-Himalayan Branch > Non-Pronominalized Himalayan Group > Magari,Magari,0,1,137,478,17478,8683,8795
A. Vernaculars of India > Tibeto-Chinese Family > Tibeto-Burman Sub-Family > Tibeto-Himalayan Branch > Non-Pronominalized Himalayan Group > Newari,Newari,0,1,140,478,9666,5325,4341
A. Vernaculars of India > Tibeto-Chinese Family > Tibeto-Burman Sub-Family > Tibeto-Himalayan Branch > Non-Pronominalized Himalayan Group > Rong or Lepcha,Rong or Lepcha,0,1,143,478,25151,12655,12496
A. Vernaculars of India > Tibeto-Chinese Family > Tibeto-Burman Sub-Family > Tibeto-Himalayan Branch > Non-Pronominalized Himalayan Group > Kami,Kami,0,1,146,478,175,23,152
A. Vernaculars of India > Tibeto-Chinese Family > Tibeto-Burman Sub-Family > Tibeto-Himalayan Branch > Non-Pronominalized Himalayan Group > Manjhi,Manjhi,0,1,149,478,299,146,153
A. Vernaculars of India > Tibeto-Chinese Family > Tibeto-Burman Sub-Family > North Assam Branch,North Assam Branch,1,1,152,478,17843,9092,8751
A. Vernaculars of India > Tibeto-Chinese Family > Tibeto-Burman Sub-Family > North Assam Branch > Aka,Aka,0,1,155,478,33,28,5
A. Vernaculars of India > Tibeto-Chinese Family > Tibeto-Burman Sub-Family > North Assam Branch > Abor,Abor,0,1,158,478,13880,6846,7034
A. Vernaculars of India > Tibeto-Chinese Family > Tibeto-Burman Sub-Family > North Assam Branch > Dafla,Dafla,0,1,161,478,1644,931,713
A. Vernaculars of India > Tibeto-Chinese Family > Tibeto-Burman Sub-Family > North Assam Branch > Mishmi,Mishmi,0,1,164,478,2286,1287,999
A. Vernaculars of India > Tibeto-Chinese Family > Tibeto-Burman Sub-Family > Assam-Burmese Branch,Assam-Burmese Branch,1,1,167,479,12478611,6136706,6341905
A. Vernaculars of India > Tibeto-Chinese Family > Tibeto-Burman Sub-Family > Assam-Burmese Branch > Bara or Bodo Group,Bara or Bodo Group,1,1,170,479,911210,465768,445442
A. Vernaculars of India > Tibeto-Chinese Family > Tibeto-Burman Sub-Family > Assam-Burmese Branch > Bara or Bodo Group > Garo,Garo,0,1,173,479,230674,117214,113460
A. Vernaculars of India > Tibeto-Chinese Family > Tibeto-Burman Sub-Family > Assam-Burmese Branch > Bara or Bodo Group > Rabha,Rabha,0,1,176,479,27008,13463,13545
A. Vernaculars of India > Tibeto-Chinese Family > Tibeto-Burman Sub-Family > Assam-Burmese Branch > Bara or Bodo Group > Chutiya,Chutiya,0,1,179,479,4317,2246,2071
A. Vernaculars of India > Tibeto-Chinese Family > Tibeto-Burman Sub-Family > Assam-Burmese Branch > Bara or Bodo Group > Koch,Koch,0,1,182,479,9552,4897,4655
A. Vernaculars of India > Tibeto-Chinese Family > Tibeto-Burman Sub-Family > Assam-Burmese Branch > Bara or Bodo Group > Bara Bodo or Plains Kachari,Bara Bodo or Plains Kachari,0,1,185,479,291376,148280,143096
A. Vernaculars of India > Tibeto-Chinese Family > Tibeto-Burman Sub-Family > Assam-Burmese Branch > Bara or Bodo Group > Dimasa or Hills Kachari,Dimasa or Hills Kachari,0,1,188,479,14680,7439,7241
A. Vernaculars of India > Tibeto-Chinese Family > Tibeto-Burman Sub-Family > Assam-Burmese Branch > Bara or Bodo Group > Lalung,Lalung,0,1,191,479,9017,4280,4737
A. Vernaculars of India > Tibeto-Chinese Family > Tibeto-Burman Sub-Family > Assam-Burmese Branch > Bara or Bodo Group > Tipura (Mrung),Tipura (Mrung),0,1,194,479,198129,103768,94361
A. Vernaculars of India > Tibeto-Chinese Family > Tibeto-Burman Sub-Family > Assam-Burmese Branch > Mikir Language,Mikir Language,1,0,,,126457,64181,62276
A. Vernaculars of India > Tibeto-Chinese Family > Tibeto-Burman Sub-Family > Assam-Burmese Branch > Mikir Language > Mikir,Mikir,0,1,197,479,126457,64181,62276
A. Vernaculars of India > Tibeto-Chinese Family > Tibeto-Burman Sub-Family > Assam-Burmese Branch > Naga Group,Naga Group,1,1,200,479,349111,173345,175766
A. Vernaculars of India > Tibeto-Chinese Family > Tibeto-Burman Sub-Family > Assam-Burmese Branch > Naga Group > Naga-Bodo Sub-Group,Naga-Bodo Sub-Group,1,1,203,480,40864,19622,21242
A. Vernaculars of India > Tibeto-Chinese Family > Tibeto-Burman Sub-Family > Assam-Burmese Branch > Naga Group > Naga-Bodo Sub-Group > Kachha Naga,Kachha Naga,0,1,206,480,7282,3746,3536
A. Vernaculars of India > Tibeto-Chinese Family > Tibeto-Burman Sub-Family > Assam-Burmese Branch > Naga Group > Naga-Bodo Sub-Group > Kabui,Kabui,0,1,209,480,18475,8664,9811
A. Vernaculars of India > Tibeto-Chinese Family > Tibeto-Burman Sub-Family > Assam-Burmese Branch > Naga Group > Naga-Bodo Sub-Group > Others,Others,0,1,212,480,15107,7422,7685
A. Vernaculars of India > Tibeto-Chinese Family > Tibeto-Burman Sub-Family > Assam-Burmese Branch > Naga Group > Western Naga Sub-Group,Western Naga Sub-Group,1,1,215,480,93369,47136,46233
A. Vernaculars of India > Tibeto-Chinese Family > Tibeto-Burman Sub-Family > Assam-Burmese Branch > Naga Group > Western Naga Sub-Group > Angami,Angami,0,1,218,480,43666,22203,21463
A. Vernaculars of India > Tibeto-Chinese Family > Tibeto-Burman Sub-Family > Assam-Burmese Branch > Naga Group > Western Naga Sub-Group > Kezhama,Kezhama,0,1,221,480,5288,2879,2409
A. Vernaculars of India > Tibeto-Chinese Family > Tibeto-Burman Sub-Family > Assam-Burmese Branch > Naga Group > Western Naga Sub-Group > Sema,Sema,0,1,224,480,38146,18937,19209
A. Vernaculars of India > Tibeto-Chinese Family > Tibeto-Burman Sub-Family > Assam-Burmese Branch > Naga Group > Western Naga Sub-Group > Rengma (all branches),Rengma (all branches),0,1,227,480,6269,3117,3152
A. Vernaculars of India > Tibeto-Chinese Family > Tibeto-Burman Sub-Family > Assam-Burmese Branch > Naga Group > Central Naga Sub-Group,Central Naga Sub-Group,1,1,230,480,55733,26474,29259
A. Vernaculars of India > Tibeto-Chinese Family > Tibeto-Burman Sub-Family > Assam-Burmese Branch > Naga Group > Central Naga Sub-Group > Ao,Ao,0,1,233,480,33117,15325,17792
A. Vernaculars of India > Tibeto-Chinese Family > Tibeto-Burman Sub-Family > Assam-Burmese Branch > Naga Group > Central Naga Sub-Group > Lhota,Lhota,0,1,236,480,18254,8970,9284
A. Vernaculars of India > Tibeto-Chinese Family > Tibeto-Burman Sub-Family > Assam-Burmese Branch > Naga Group > Central Naga Sub-Group > Sangtam,Sangtam,0,1,239,480,4362,2179,2183
A. Vernaculars of India > Tibeto-Chinese Family > Tibeto-Burman Sub-Family > Assam-Burmese Branch > Naga Group > Eastern Naga Sub-Group,Eastern Naga Sub-Group,1,1,242,480,102815,52590,50225
A. Vernaculars of India > Tibeto-Chinese Family > Tibeto-Burman Sub-Family > Assam-Burmese Branch > Naga Group > Eastern Naga Sub-Group > Konyak,Konyak,0,1,245,480,9478,4562,4916
A. Vernaculars of India > Tibeto-Chinese Family > Tibeto-Burman Sub-Family > Assam-Burmese Branch > Naga Group > Eastern Naga Sub-Group > Rangpang,Rangpang,0,1,248,480,11072,5710,5362
A. Vernaculars of India > Tibeto-Chinese Family > Tibeto-Burman Sub-Family > Assam-Burmese Branch > Naga Group > Eastern Naga Sub-Group > Other Eastern Naga Languages,Other Eastern Naga Languages,0,1,251,480,82265,42318,39947
A. Vernaculars of India > Tibeto-Chinese Family > Tibeto-Burman Sub-Family > Assam-Burmese Branch > Naga Group > Naga-Kuki Sub-Group,Naga-Kuki Sub-Group,1,1,254,480,48429,23340,25089
A. Vernaculars of India > Tibeto-Chinese Family > Tibeto-Burman Sub-Family > Assam-Burmese Branch > Naga Group > Naga-Kuki Sub-Group > Memi (Mao),Memi (Mao),0,1,257,480,19287,9620,9667
A. Vernaculars of India > Tibeto-Chinese Family > Tibeto-Burman Sub-Family > Assam-Burmese Branch > Naga Group > Naga-Kuki Sub-Group > Tangkhul,Tangkhul,0,1,260,480,29142,13720,15422
A. Vernaculars of India > Tibeto-Chinese Family > Tibeto-Burman Sub-Family > Assam-Burmese Branch > Naga Group > Other or unspecified Naga Languages,Other or unspecified Naga Languages,0,1,263,480,7901,4183,3718
A. Vernaculars of India > Tibeto-Chinese Family > Tibeto-Burman Sub-Family > Assam-Burmese Branch > Kuki-Chin Group,Kuki-Chin Group,1,1,266,480,972886,475643,497243
A. Vernaculars of India > Tibeto-Chinese Family > Tibeto-Burman Sub-Family > Assam-Burmese Branch > Kuki-Chin Group > Maring,Maring,0,1,269,480,4251,2111,2140
A. Vernaculars of India > Tibeto-Chinese Family > Tibeto-Burman Sub-Family > Assam-Burmese Branch > Kuki-Chin Group > Kathe (Ponna) including Meithei (Manipuri),Kathe (Ponna) including Meithei (Manipuri),0,1,272,480,391903,192217,199686
A. Vernaculars of India > Tibeto-Chinese Family > Tibeto-Burman Sub-Family > Assam-Burmese Branch > Kuki-Chin Group > Old Kuki Sub-Group,Old Kuki Sub-Group,1,1,275,481,53261,25228,28033
A. Vernaculars of India > Tibeto-Chinese Family > Tibeto-Burman Sub-Family > Assam-Burmese Branch > Kuki-Chin Group > Old Kuki Sub-Group > Aimol,Aimol,0,1,278,481,511,265,246
A. Vernaculars of India > Tibeto-Chinese Family > Tibeto-Burman Sub-Family > Assam-Burmese Branch > Kuki-Chin Group > Old Kuki Sub-Group > Anal,Anal,0,1,281,481,3314,1636,1678
A. Vernaculars of India > Tibeto-Chinese Family > Tibeto-Burman Sub-Family > Assam-Burmese Branch > Kuki-Chin Group > Old Kuki Sub-Group > Chiru,Chiru,0,1,284,481,1269,568,701
A. Vernaculars of India > Tibeto-Chinese Family > Tibeto-Burman Sub-Family > Assam-Burmese Branch > Kuki-Chin Group > Old Kuki Sub-Group > Hallam,Hallam,0,1,287,481,10867,5027,5840
A. Vernaculars of India > Tibeto-Chinese Family > Tibeto-Burman Sub-Family > Assam-Burmese Branch > Kuki-Chin Group > Old Kuki Sub-Group > Kolreng (Koireng),Kolreng (Koireng),0,1,290,481,521,258,263
A. Vernaculars of India > Tibeto-Chinese Family > Tibeto-Burman Sub-Family > Assam-Burmese Branch > Kuki-Chin Group > Old Kuki Sub-Group > Kom,Kom,0,1,293,481,2662,1292,1370
A. Vernaculars of India > Tibeto-Chinese Family > Tibeto-Burman Sub-Family > Assam-Burmese Branch > Kuki-Chin Group > Old Kuki Sub-Group > Mhar,Mhar,0,1,296,481,21583,10025,11558
A. Vernaculars of India > Tibeto-Chinese Family > Tibeto-Burman Sub-Family > Assam-Burmese Branch > Kuki-Chin Group > Old Kuki Sub-Group > Rangkhol (Hranchal),Rangkhol (Hranchal),0,1,299,481,1745,860,885
A. Vernaculars of India > Tibeto-Chinese Family > Tibeto-Burman Sub-Family > Assam-Burmese Branch > Kuki-Chin Group > Old Kuki Sub-Group > Others,Others,0,1,302,481,10789,5297,5492
A. Vernaculars of India > Tibeto-Chinese Family > Tibeto-Burman Sub-Family > Assam-Burmese Branch > Kuki-Chin Group > Northern Chin Sub-Group,Northern Chin Sub-Group,1,1,305,481,128808,62780,66028
A. Vernaculars of India > Tibeto-Chinese Family > Tibeto-Burman Sub-Family > Assam-Burmese Branch > Kuki-Chin Group > Northern Chin Sub-Group > Paite,Paite,0,1,308,481,14674,7420,7254
A. Vernaculars of India > Tibeto-Chinese Family > Tibeto-Burman Sub-Family > Assam-Burmese Branch > Kuki-Chin Group > Northern Chin Sub-Group > Ralte,Ralte,0,1,311,481,16163,7527,8636
A. Vernaculars of India > Tibeto-Chinese Family > Tibeto-Burman Sub-Family > Assam-Burmese Branch > Kuki-Chin Group > Northern Chin Sub-Group > Siyin,Siyin,0,1,314,481,3506,1669,1837
A. Vernaculars of India > Tibeto-Chinese Family > Tibeto-Burman Sub-Family > Assam-Burmese Branch > Kuki-Chin Group > Northern Chin Sub-Group > Sokte,Sokte,0,1,317,481,37643,18595,19048
A. Vernaculars of India > Tibeto-Chinese Family > Tibeto-Burman Sub-Family > Assam-Burmese Branch > Kuki-Chin Group > Northern Chin Sub-Group > Thado,Thado,0,1,320,481,56822,27569,29253
A. Vernaculars of India > Tibeto-Chinese Family > Tibeto-Burman Sub-Family > Assam-Burmese Branch > Kuki-Chin Group > Central Chin Sub-Group,Central Chin Sub-Group,1,1,323,481,127309,60538,66771
A. Vernaculars of India > Tibeto-Chinese Family > Tibeto-Burman Sub-Family > Assam-Burmese Branch > Kuki-Chin Group > Central Chin Sub-Group > Banjogi,Banjogi,0,1,326,481,810,430,380
A. Vernaculars of India > Tibeto-Chinese Family > Tibeto-Burman Sub-Family > Assam-Burmese Branch > Kuki-Chin Group > Central Chin Sub-Group > Lai,Lai,0,1,329,481,39646,19121,20525
A. Vernaculars of India > Tibeto-Chinese Family > Tibeto-Burman Sub-Family > Assam-Burmese Branch > Kuki-Chin Group > Central Chin Sub-Group > Lakher,Lakher,0,1,332,481,6250,3036,3214
A. Vernaculars of India > Tibeto-Chinese Family > Tibeto-Burman Sub-Family > Assam-Burmese Branch > Kuki-Chin Group > Central Chin Sub-Group > Lushei,Lushei,0,1,335,481,60471,28453,32018
A. Vernaculars of India > Tibeto-Chinese Family > Tibeto-Burman Sub-Family > Assam-Burmese Branch > Kuki-Chin Group > Central Chin Sub-Group > Pankhu,Pankhu,0,1,338,481,83,31,52
A. Vernaculars of India > Tibeto-Chinese Family > Tibeto-Burman Sub-Family > Assam-Burmese Branch > Kuki-Chin Group > Central Chin Sub-Group > Tashon,Tashon,0,1,341,481,20049,9467,10582
A. Vernaculars of India > Tibeto-Chinese Family > Tibeto-Burman Sub-Family > Assam-Burmese Branch > Kuki-Chin Group > Southern Chin Sub-Group,Southern Chin Sub-Group,1,1,344,481,66288,32733,33555
A. Vernaculars of India > Tibeto-Chinese Family > Tibeto-Burman Sub-Family > Assam-Burmese Branch > Kuki-Chin Group > Southern Chin Sub-Group > Chinbok,Chinbok,0,1,347,482,20195,9913,10282
A. Vernaculars of India > Tibeto-Chinese Family > Tibeto-Burman Sub-Family > Assam-Burmese Branch > Kuki-Chin Group > Southern Chin Sub-Group > Chinbon,Chinbon,0,1,350,482,10268,5089,5179
A. Vernaculars of India > Tibeto-Chinese Family > Tibeto-Burman Sub-Family > Assam-Burmese Branch > Kuki-Chin Group > Southern Chin Sub-Group > Khyang (Sho),Khyang (Sho),0,1,353,482,2825,1276,1549
A. Vernaculars of India > Tibeto-Chinese Family > Tibeto-Burman Sub-Family > Assam-Burmese Branch > Kuki-Chin Group > Southern Chin Sub-Group > Khami (Kumi),Khami (Kumi),0,1,356,482,32991,16449,16522
A. Vernaculars of India > Tibeto-Chinese Family > Tibeto-Burman Sub-Family > Assam-Burmese Branch > Kuki-Chin Group > Southern Chin Sub-Group > Yindu,Yindu,0,1,359,482,9,6,3
A. Vernaculars of India > Tibeto-Chinese Family > Tibeto-Burman Sub-Family > Assam-Burmese Branch > Kuki-Chin Group > Unclassed Chin Languages Sub-Group,Unclassed Chin Languages Sub-Group,1,1,362,482,69998,34807,35191
A. Vernaculars of India > Tibeto-Chinese Family > Tibeto-Burman Sub-Family > Assam-Burmese Branch > Kuki-Chin Group > Unclassed Chin Languages Sub-Group > Ánu,Ánu,0,1,365,482,3,2,1
A. Vernaculars of India > Tibeto-Chinese Family > Tibeto-Burman Sub-Family > Assam-Burmese Branch > Kuki-Chin Group > Unclassed Chin Languages Sub-Group > Chuanggyi,Chuanggyi,0,1,368,482,32,16,16
A. Vernaculars of India > Tibeto-Chinese Family > Tibeto-Burman Sub-Family > Assam-Burmese Branch > Kuki-Chin Group > Unclassed Chin Languages Sub-Group > Kaukadan,Kaukadan,0,1,371,482,294,137,157
A. Vernaculars of India > Tibeto-Chinese Family > Tibeto-Burman Sub-Family > Assam-Burmese Branch > Kuki-Chin Group > Unclassed Chin Languages Sub-Group > Lawtú,Lawtú,0,1,374,482,9725,4626,5099
A. Vernaculars of India > Tibeto-Chinese Family > Tibeto-Burman Sub-Family > Assam-Burmese Branch > Kuki-Chin Group > Unclassed Chin Languages Sub-Group > Ledu,Ledu,0,1,377,482,1719,863,856
A. Vernaculars of India > Tibeto-Chinese Family > Tibeto-Burman Sub-Family > Assam-Burmese Branch > Kuki-Chin Group > Unclassed Chin Languages Sub-Group > Matu,Matu,0,1,380,482,154,82,72
A. Vernaculars of India > Tibeto-Chinese Family > Tibeto-Burman Sub-Family > Assam-Burmese Branch > Kuki-Chin Group > Unclassed Chin Languages Sub-Group > Ngorn,Ngorn,0,1,383,482,5808,2727,3081
A. Vernaculars of India > Tibeto-Chinese Family > Tibeto-Burman Sub-Family > Assam-Burmese Branch > Kuki-Chin Group > Unclassed Chin Languages Sub-Group > Rongtu,Rongtu,0,1,386,482,13048,6429,6619
A. Vernaculars of India > Tibeto-Chinese Family > Tibeto-Burman Sub-Family > Assam-Burmese Branch > Kuki-Chin Group > Unclassed Chin Languages Sub-Group > Saingbaung,Saingbaung,0,1,389,482,8031,4273,3758
A. Vernaculars of India > Tibeto-Chinese Family > Tibeto-Burman Sub-Family > Assam-Burmese Branch > Kuki-Chin Group > Unclassed Chin Languages Sub-Group > Shentang,Shentang,0,1,392,482,7324,3615,3709
A. Vernaculars of India > Tibeto-Chinese Family > Tibeto-Burman Sub-Family > Assam-Burmese Branch > Kuki-Chin Group > Unclassed Chin Languages Sub-Group > Sittu,Sittu,0,1,395,482,4282,2343,1939
A. Vernaculars of India > Tibeto-Chinese Family > Tibeto-Burman Sub-Family > Assam-Burmese Branch > Kuki-Chin Group > Unclassed Chin Languages Sub-Group > Taman,Taman,0,1,398,482,9228,4614,4614
A. Vernaculars of India > Tibeto-Chinese Family > Tibeto-Burman Sub-Family > Assam-Burmese Branch > Kuki-Chin Group > Unclassed Chin Languages Sub-Group > Yo,Yo,0,1,401,482,1365,674,691
A. Vernaculars of India > Tibeto-Chinese Family > Tibeto-Burman Sub-Family > Assam-Burmese Branch > Kuki-Chin Group > Unclassed Chin Languages Sub-Group > Yotun,Yotun,0,1,404,482,8985,4406,4579
A. Vernaculars of India > Tibeto-Chinese Family > Tibeto-Burman Sub-Family > Assam-Burmese Branch > Kuki-Chin Group > Other or unspecified Chin Sub-Group,Other or unspecified Chin Sub-Group,0,1,407,482,121136,60268,60868
A. Vernaculars of India > Tibeto-Chinese Family > Tibeto-Burman Sub-Family > Assam-Burmese Branch > Kuki-Chin Group > Other or unspecified Kuki Sub-Group,Other or unspecified Kuki Sub-Group,0,1,410,482,9932,4961,4971
A. Vernaculars of India > Tibeto-Chinese Family > Tibeto-Burman Sub-Family > Assam-Burmese Branch > Kachin Group,Kachin Group,1,0,,,156980,75728,81252
A. Vernaculars of India > Tibeto-Chinese Family > Tibeto-Burman Sub-Family > Assam-Burmese Branch > Kachin Group > Kachin,Kachin,0,1,413,482,156980,75728,81252
A. Vernaculars of India > Tibeto-Chinese Family > Tibeto-Burman Sub-Family > Assam-Burmese Branch > Burma Group,Burma Group,1,1,416,483,9960394,4881329,5079065
A. Vernaculars of India > Tibeto-Chinese Family > Tibeto-Burman Sub-Family > Assam-Burmese Branch > Burma Group > Burmese,Burmese,0,1,419,483,8853538,4331535,4522003
A. Vernaculars of India > Tibeto-Chinese Family > Tibeto-Burman Sub-Family > Assam-Burmese Branch > Burma Group > Arakanese,Arakanese,0,1,422,483,308544,156097,152447
A. Vernaculars of India > Tibeto-Chinese Family > Tibeto-Burman Sub-Family > Assam-Burmese Branch > Burma Group > Taungyo,Taungyo,0,1,425,483,22261,11046,11215
A. Vernaculars of India > Tibeto-Chinese Family > Tibeto-Burman Sub-Family > Assam-Burmese Branch > Burma Group > Intha,Intha,0,1,428,483,56829,28001,28828
A. Vernaculars of India > Tibeto-Chinese Family > Tibeto-Burman Sub-Family > Assam-Burmese Branch > Burma Group > Danu,Danu,0,1,431,483,60966,31090,29876
A. Vernaculars of India > Tibeto-Chinese Family > Tibeto-Burman Sub-Family > Assam-Burmese Branch > Burma Group > Maru,Maru,0,1,434,483,17447,8393,9054
A. Vernaculars of India > Tibeto-Chinese Family > Tibeto-Burman Sub-Family > Assam-Burmese Branch > Burma Group > Tavoyan,Tavoyan,0,1,437,483,159174,78692,80482
A. Vernaculars of India > Tibeto-Chinese Family > Tibeto-Burman Sub-Family > Assam-Burmese Branch > Burma Group > Chaungtha,Chaungtha,0,1,440,483,34626,17346,17280
A. Vernaculars of India > Tibeto-Chinese Family > Tibeto-Burman Sub-Family > Assam-Burmese Branch > Burma Group > Maingtha,Maingtha,0,1,443,483,487,319,168
A. Vernaculars of India > Tibeto-Chinese Family > Tibeto-Burman Sub-Family > Assam-Burmese Branch > Burma Group > Atsi,Atsi,0,1,446,483,5295,2485,2810
A. Vernaculars of India > Tibeto-Chinese Family > Tibeto-Burman Sub-Family > Assam-Burmese Branch > Burma Group > Yaw,Yaw,0,1,449,483,877,484,393
A. Vernaculars of India > Tibeto-Chinese Family > Tibeto-Burman Sub-Family > Assam-Burmese Branch > Burma Group > Merguese,Merguese,0,1,452,483,101144,51134,50010
A. Vernaculars of India > Tibeto-Chinese Family > Tibeto-Burman Sub-Family > Assam-Burmese Branch > Burma Group > Yanbye,Yanbye,0,1,455,483,326642,158597,168045
A. Vernaculars of India > Tibeto-Chinese Family > Tibeto-Burman Sub-Family > Assam-Burmese Branch > Burma Group > Lashi,Lashi,0,1,458,483,12564,6110,6454
A. Vernaculars of India > Tibeto-Chinese Family > Tibeto-Burman Sub-Family > Assam-Burmese Branch > Lolo-Muhso Group,Lolo-Muhso Group,1,1,461,483,93731,48302,45429
A. Vernaculars of India > Tibeto-Chinese Family > Tibeto-Burman Sub-Family > Assam-Burmese Branch > Lolo-Muhso Group > Lahu,Lahu,0,1,464,483,26864,13666,13198
A. Vernaculars of India > Tibeto-Chinese Family > Tibeto-Burman Sub-Family > Assam-Burmese Branch > Lolo-Muhso Group > Lisaw,Lisaw,0,1,467,483,19698,9885,9813
A. Vernaculars of India > Tibeto-Chinese Family > Tibeto-Burman Sub-Family > Assam-Burmese Branch > Lolo-Muhso Group > Hpun,Hpun,0,1,470,484,679,343,336
A. Vernaculars of India > Tibeto-Chinese Family > Tibeto-Burman Sub-Family > Assam-Burmese Branch > Lolo-Muhso Group > Nung,Nung,0,1,473,484,101,65,36
A. Vernaculars of India > Tibeto-Chinese Family > Tibeto-Burman Sub-Family > Assam-Burmese Branch > Lolo-Muhso Group > Kwi,Kwi,0,1,476,484,3839,1962,1877
A. Vernaculars of India > Tibeto-Chinese Family > Tibeto-Burman Sub-Family > Assam-Burmese Branch > Lolo-Muhso Group > Akha,Akha,0,1,479,484,40407,21261,19146
A. Vernaculars of India > Tibeto-Chinese Family > Tibeto-Burman Sub-Family > Assam-Burmese Branch > Lolo-Muhso Group > Ako,Ako,0,1,482,484,1343,680,663
A. Vernaculars of India > Tibeto-Chinese Family > Tibeto-Burman Sub-Family > Assam-Burmese Branch > Lolo-Muhso Group > Pyin,Pyin,0,1,485,484,800,440,360
A. Vernaculars of India > Tibeto-Chinese Family > Tibeto-Burman Sub-Family > Assam-Burmese Branch > Sak (Lui) Group,Sak (Lui) Group,1,1,488,484,34299,16591,17708
A. Vernaculars of India > Tibeto-Chinese Family > Tibeto-Burman Sub-Family > Assam-Burmese Branch > Sak (Lui) Group > Kadu,Kadu,0,1,491,484,20305,9962,10343
A. Vernaculars of India > Tibeto-Chinese Family > Tibeto-Burman Sub-Family > Assam-Burmese Branch > Sak (Lui) Group > Ganan,Ganan,0,1,494,484,7144,3168,3976
A. Vernaculars of India > Tibeto-Chinese Family > Tibeto-Burman Sub-Family > Assam-Burmese Branch > Sak (Lui) Group > Sak,Sak,0,1,497,484,691,350,341
A. Vernaculars of India > Tibeto-Chinese Family > Tibeto-Burman Sub-Family > Assam-Burmese Branch > Sak (Lui) Group > Daingnet,Daingnet,0,1,500,484,6159,3111,3048
A. Vernaculars of India > Tibeto-Chinese Family > Tibeto-Burman Sub-Family > Unclassed,Unclassed,1,0,,,17887,10993,6894
A. Vernaculars of India > Tibeto-Chinese Family > Tibeto-Burman Sub-Family > Unclassed > Mro Group,Mro Group,1,0,,,17887,10993,6894
A. Vernaculars of India > Tibeto-Chinese Family > Tibeto-Burman Sub-Family > Unclassed > Mro Group > Mro (Mru),Mro (Mru),0,1,503,484,17887,10993,6894
A. Vernaculars of India > Tibeto-Chinese Family > Tai-Chinese Sub-Family,Tai-Chinese Sub-Family,1,0,,,1027656,516913,510743
A. Vernaculars of India > Tibeto-Chinese Family > Tai-Chinese Sub-Family > Tai Branch,Tai Branch,1,0,,,1027656,516913,510743
A. Vernaculars of India > Tibeto-Chinese Family > Tai-Chinese Sub-Family > Tai Branch > Tai Group,Tai Group,1,1,506,484,1027656,516913,510743
A. Vernaculars of India > Tibeto-Chinese Family > Tai-Chinese Sub-Family > Tai Branch > Tai Group > Lao,Lao,0,1,509,484,7163,3524,3639
A. Vernaculars of India > Tibeto-Chinese Family > Tai-Chinese Sub-Family > Tai Branch > Tai Group > Lu,Lu,0,1,512,484,30031,14971,15060
A. Vernaculars of India > Tibeto-Chinese Family > Tai-Chinese Sub-Family > Tai Branch > Tai Group > Khün,Khün,0,1,515,484,31234,15593,15641
A. Vernaculars of India > Tibeto-Chinese Family > Tai-Chinese Sub-Family > Tai Branch > Tai Group > Daye,Daye,0,1,518,484,698,361,337
A. Vernaculars of India > Tibeto-Chinese Family > Tai-Chinese Sub-Family > Tai Branch > Tai Group > Khamti,Khamti,0,1,521,484,4995,2642,2353
A. Vernaculars of India > Tibeto-Chinese Family > Tai-Chinese Sub-Family > Tai Branch > Tai Group > Shangale,Shangale,0,1,524,484,914379,459089,455290
A. Vernaculars of India > Tibeto-Chinese Family > Tai-Chinese Sub-Family > Tai Branch > Tai Group > Shan-Tayok,Shan-Tayok,0,1,527,484,18270,9827,8443
A. Vernaculars of India > Tibeto-Chinese Family > Tai-Chinese Sub-Family > Tai Branch > Tai Group > Shan-Bama,Shan-Bama,0,1,530,484,7735,4047,3688
A. Vernaculars of India > Tibeto-Chinese Family > Tai-Chinese Sub-Family > Tai Branch > Tai Group > Shan (unspecified),Shan (unspecified),0,1,533,485,4503,2315,2188
A. Vernaculars of India > Tibeto-Chinese Family > Tai-Chinese Sub-Family > Tai Branch > Tai Group > Siamese,Siamese,0,1,536,485,8648,4544,4104
A. Vernaculars of India > Karen Family,Karen Family,1,0,,,1341331,669216,672115
A. Vernaculars of India > Karen Family > Karen Group,Karen Group,1,1,539,485,1341331,669216,672115
A. Vernaculars of India > Karen Family > Karen Group > Monnepwa,Monnepwa,0,1,542,485,2126,1080,1046
A. Vernaculars of India > Karen Family > Karen Group > Bwe,Bwe,0,1,545,485,6227,3136,3091
A. Vernaculars of India > Karen Family > Karen Group > Karenbyu,Karenbyu,0,1,548,485,15299,7797,7502
A. Vernaculars of India > Karen Family > Karen Group > Brek,Brek,0,1,551,485,6695,3234,3461
A. Vernaculars of India > Karen Family > Karen Group > Sgaw,Sgaw,0,1,554,485,499789,251106,248683
A. Vernaculars of India > Karen Family > Karen Group > Paku,Paku,0,1,557,485,8622,4379,4243
A. Vernaculars of India > Karen Family > Karen Group > Pwo,Pwo,0,1,560,485,473722,236105,237617
A. Vernaculars of India > Karen Family > Karen Group > Taungthu,Taungthu,0,1,563,485,222714,111107,111607
A. Vernaculars of India > Karen Family > Karen Group > Padaung,Padaung,0,1,566,485,16485,8409,8076
A. Vernaculars of India > Karen Family > Karen Group > Yinbaw,Yinbaw,0,1,569,485,2922,1472,1450
A. Vernaculars of India > Karen Family > Karen Group > Gheko,Gheko,0,1,572,485,4075,1997,2078
A. Vernaculars of India > Karen Family > Karen Group > Karenni,Karenni,0,1,575,485,31556,14742,16814
A. Vernaculars of India > Karen Family > Karen Group > Zayein,Zayein,0,1,578,485,3737,2008,1729
A. Vernaculars of India > Karen Family > Karen Group > Karen (unspecified),Karen (unspecified),0,1,581,485,47362,22644,24718
A. Vernaculars of India > Man Family,Man Family,1,1,584,485,947,502,445
A. Vernaculars of India > Man Family > Man Group,Man Group,1,1,587,485,947,502,445
A. Vernaculars of India > Man Family > Man Group > Miao,Miao,0,1,590,485,830,442,388
A. Vernaculars of India > Man Family > Man Group > Yao,Yao,0,1,593,485,117,60,57
A. Vernaculars of India > Dravidian Family,Dravidian Family,1,1,596,486,71644787,35847723,35797064
A. Vernaculars of India > Dravidian Family > Dravida Group,Dravida Group,1,1,599,486,41454593,20644277,20810316
A. Vernaculars of India > Dravidian Family > Dravida Group > Tamil,Tamil,0,1,602,486,20411652,10072718,10338934
A. Vernaculars of India > Dravidian Family > Dravida Group > Malayalam,Malayalam,0,1,605,486,9137615,4532736,4604879
A. Vernaculars of India > Dravidian Family > Dravida Group > Kanarese,Kanarese,0,1,608,487,11206380,5690410,5515970
A. Vernaculars of India > Dravidian Family > Dravida Group > Kodagu or Coorgi,Kodagu or Coorgi,0,1,611,487,45368,23220,22148
A. Vernaculars of India > Dravidian Family > Dravida Group > Tulu,Tulu,0,1,614,487,651842,324290,327552
A. Vernaculars of India > Dravidian Family > Dravida Group > Toda,Toda,0,1,617,487,600,340,260
A. Vernaculars of India > Dravidian Family > Dravida Group > Kota,Kota,0,1,620,487,1136,563,573
A. Vernaculars of India > Dravidian Family > Intermediate Group,Intermediate Group,1,1,623,488,3609418,1797388,1812030
A. Vernaculars of India > Dravidian Family > Intermediate Group > Kurukh or Oraon,Kurukh or Oraon,0,1,626,488,1037142,520549,516593
A. Vernaculars of India > Dravidian Family > Intermediate Group > Malto,Malto,0,1,629,488,70761,35143,35618
A. Vernaculars of India > Dravidian Family > Intermediate Group > Gondi,Gondi,0,1,632,488,1864878,926099,938779
A. Vernaculars of India > Dravidian Family > Intermediate Group > Kandhi or Kui,Kandhi or Kui,0,1,635,488,585109,287602,297507
A. Vernaculars of India > Dravidian Family > Intermediate Group > Kolami,Kolami,0,1,638,488,29187,15740,13447
A. Vernaculars of India > Dravidian Family > Intermediate Group > Others (Konda),Others (Konda),0,1,641,489,22341,12255,10086
A. Vernaculars of India > Dravidian Family > Andhra Language Group,Andhra Language Group,1,0,,,26373727,13291050,13082677
A. Vernaculars of India > Dravidian Family > Andhra Language Group > Telugu,Telugu,0,1,644,489,26373727,13291050,13082677
A. Vernaculars of India > Dravidian Family > North-Western Language,North-Western Language,1,0,,,207049,115008,92041
A. Vernaculars of India > Dravidian Family > North-Western Language > Brahui,Brahui,0,1,647,489,207049,115008,92041
A. Vernaculars of India > Indo-European Family,Indo-European Family,1,0,,,257492805,134082997,123409808
A. Vernaculars of India > Indo-European Family > Aryan Sub-Family,Aryan Sub-Family,1,1,650,489,257492805,134082997,123409808
A. Vernaculars of India > Indo-European Family > Aryan Sub-Family > Eranian Branch,Eranian Branch,1,0,,,2270466,1241831,1028635
A. Vernaculars of India > Indo-European Family > Aryan Sub-Family > Eranian Branch > Eastern Group,Eastern Group,1,1,653,489,2270466,1241831,1028635
A. Vernaculars of India > Indo-European Family > Aryan Sub-Family > Eranian Branch > Eastern Group > Pashto,Pashto,0,1,656,490,1636490,894852,741638
A. Vernaculars of India > Indo-European Family > Aryan Sub-Family > Eranian Branch > Eastern Group > Balochi,Balochi,0,1,659,490,628086,343758,284328
A. Vernaculars of India > Indo-European Family > Aryan Sub-Family > Eranian Branch > Eastern Group > Persian,Persian,0,1,662,490,5282,2873,2409
A. Vernaculars of India > Indo-European Family > Aryan Sub-Family > Eranian Branch > Eastern Group > Other Eranian Languages,Other Eranian Languages,0,1,665,490,608,348,260
A. Vernaculars of India > Indo-European Family > Aryan Sub-Family > Dardic Branch,Dardic Branch,1,1,668,490,1522936,826872,696064
A. Vernaculars of India > Indo-European Family > Aryan Sub-Family > Dardic Branch > Khowar Group,Khowar Group,1,0,,,6956,3667,3289
"A. Vernaculars of India > Indo-European Family > Aryan Sub-Family > Dardic Branch > Khowar Group > Khowar, Chitrali or Arniya","Khowar, Chitrali or Arniya",0,1,671,491,6956,3667,3289
A. Vernaculars of India > Indo-European Family > Aryan Sub-Family > Dardic Branch > Dard Group,Dard Group,1,1,674,491,1509741,820018,689723
A. Vernaculars of India > Indo-European Family > Aryan Sub-Family > Dardic Branch > Dard Group > Shina,Shina,0,1,677,491,68199,35787,32412
A. Vernaculars of India > Indo-European Family > Aryan Sub-Family > Dardic Branch > Dard Group > Kashmiri,Kashmiri,0,1,680,491,1438021,782508,655513
A. Vernaculars of India > Indo-European Family > Aryan Sub-Family > Dardic Branch > Dard Group > Kohistani,Kohistani,0,1,683,491,3521,1723,1798
A. Vernaculars of India > Indo-European Family > Aryan Sub-Family > Dardic Branch > Kafir Group,Kafir Group,1,1,686,491,6239,3187,3052
A. Vernaculars of India > Indo-European Family > Aryan Sub-Family > Dardic Branch > Kafir Group > Bashgali,Bashgali,0,1,689,492,7,6,1
A. Vernaculars of India > Indo-European Family > Aryan Sub-Family > Dardic Branch > Kafir Group > Other Kafir languages,Other Kafir languages,0,1,692,492,6232,3181,3051
A. Vernaculars of India > Indo-European Family > Aryan Sub-Family > Indo-Aryan Branch,Indo-Aryan Branch,1,1,695,492,253699403,132014294,121685109
A. Vernaculars of India > Indo-European Family > Aryan Sub-Family > Indo-Aryan Branch > Sanskrit Sub-Branch,Sanskrit Sub-Branch,1,0,,,1181,774,407
A. Vernaculars of India > Indo-European Family > Aryan Sub-Family > Indo-Aryan Branch > Sanskrit Sub-Branch > Sanskrit Group,Sanskrit Group,1,0,,,1181,774,407
A. Vernaculars of India > Indo-European Family > Aryan Sub-Family > Indo-Aryan Branch > Sanskrit Sub-Branch > Sanskrit Group > Sanskrit,Sanskrit,0,1,698,492,1181,774,407
A. Vernaculars of India > Indo-European Family > Aryan Sub-Family > Indo-Aryan Branch > Outer Sub-Branch,Outer Sub-Branch,1,1,701,492,128521941,65678762,62843179
A. Vernaculars of India > Indo-European Family > Aryan Sub-Family > Indo-Aryan Branch > Outer Sub-Branch > North-Western Group,North-Western Group,1,1,704,492,12572198,6803070,5769128
A. Vernaculars of India > Indo-European Family > Aryan Sub-Family > Indo-Aryan Branch > Outer Sub-Branch > North-Western Group > Lahnda or Western Punjabi,Lahnda or Western Punjabi,0,1,707,493,8566051,4603498,3962553
A. Vernaculars of India > Indo-European Family > Aryan Sub-Family > Indo-Aryan Branch > Outer Sub-Branch > North-Western Group > Sindhi,Sindhi,0,1,710,493,4006147,2199572,1806575
A. Vernaculars of India > Indo-European Family > Aryan Sub-Family > Indo-Aryan Branch > Outer Sub-Branch > Southern Group,Southern Group,1,1,713,493,21361393,10816947,10544446
A. Vernaculars of India > Indo-European Family > Aryan Sub-Family > Indo-Aryan Branch > Outer Sub-Branch > Southern Group > Marathi,Marathi,0,1,716,493,20889658,10572782,10316876
A. Vernaculars of India > Indo-European Family > Aryan Sub-Family > Indo-Aryan Branch > Outer Sub-Branch > Southern Group > Konkani,Konkani,0,1,719,494,471735,244165,227570
A. Vernaculars of India > Indo-European Family > Aryan Sub-Family > Indo-Aryan Branch > Outer Sub-Branch > Eastern Group,Eastern Group,1,1,722,494,94588350,48058745,46529605
A. Vernaculars of India > Indo-European Family > Aryan Sub-Family > Indo-Aryan Branch > Outer Sub-Branch > Eastern Group > Oriya,Oriya,0,1,725,494,11194265,5484976,5709289
A. Vernaculars of India > Indo-European Family > Aryan Sub-Family > Indo-Aryan Branch > Outer Sub-Branch > Eastern Group > Bihari,Bihari,0,1,728,494,27926559,14014592,13911967
A. Vernaculars of India > Indo-European Family > Aryan Sub-Family > Indo-Aryan Branch > Outer Sub-Branch > Eastern Group > Bengali,Bengali,0,1,731,494,53468469,27516715,25951754
A. Vernaculars of India > Indo-European Family > Aryan Sub-Family > Indo-Aryan Branch > Outer Sub-Branch > Eastern Group > Assamese,Assamese,0,1,734,495,1999057,1042462,956595
A. Vernaculars of India > Indo-European Family > Aryan Sub-Family > Indo-Aryan Branch > Mediate Sub-Branch,Mediate Sub-Branch,1,0,,,7867103,4210310,3656793
A. Vernaculars of India > Indo-European Family > Aryan Sub-Family > Indo-Aryan Branch > Mediate Sub-Branch > Mediate Group,Mediate Group,1,0,,,7867103,4210310,3656793
A. Vernaculars of India > Indo-European Family > Aryan Sub-Family > Indo-Aryan Branch > Mediate Sub-Branch > Mediate Group > Eastern Hindi,Eastern Hindi,0,1,737,495,7867103,4210310,3656793
A. Vernaculars of India > Indo-European Family > Aryan Sub-Family > Indo-Aryan Branch > Inner Sub-Branch,Inner Sub-Branch,1,1,740,495,117309178,62124448,55184730
A. Vernaculars of India > Indo-European Family > Aryan Sub-Family > Indo-Aryan Branch > Inner Sub-Branch > Central Group,Central Group,1,1,743,495,114556746,60652042,53904704
A. Vernaculars of India > Indo-European Family > Aryan Sub-Family > Indo-Aryan Branch > Inner Sub-Branch > Central Group > Western Hindi,Western Hindi,0,1,746,496,71547071,37743130,33803941
A. Vernaculars of India > Indo-European Family > Aryan Sub-Family > Indo-Aryan Branch > Inner Sub-Branch > Central Group > Rajasthani,Rajasthani,0,1,749,496,13897896,7271204,6626692
A. Vernaculars of India > Indo-European Family > Aryan Sub-Family > Indo-Aryan Branch > Inner Sub-Branch > Central Group > Gujarati,Gujarati,0,1,752,496,10849984,5610012,5239972
A. Vernaculars of India > Indo-European Family > Aryan Sub-Family > Indo-Aryan Branch > Inner Sub-Branch > Central Group > Bhili,Bhili,0,1,755,496,2189531,1110410,1079121
A. Vernaculars of India > Indo-European Family > Aryan Sub-Family > Indo-Aryan Branch > Inner Sub-Branch > Central Group > Khandesi,Khandesi,0,1,758,496,233010,118252,114758
A. Vernaculars of India > Indo-European Family > Aryan Sub-Family > Indo-Aryan Branch > Inner Sub-Branch > Central Group > Panjabi,Panjabi,0,1,761,497,15839254,8799034,7040220
A. Vernaculars of India > Indo-European Family > Aryan Sub-Family > Indo-Aryan Branch > Inner Sub-Branch > Pahari Group,Pahari Group,1,1,764,497,2752432,1472406,1280026
A. Vernaculars of India > Indo-European Family > Aryan Sub-Family > Indo-Aryan Branch > Inner Sub-Branch > Pahari Group > Central Pahari,Central Pahari,0,1,767,497,7170,6180,990
"A. Vernaculars of India > Indo-European Family > Aryan Sub-Family > Indo-Aryan Branch > Inner Sub-Branch > Pahari Group > Eastern Pahari, Khas-Kura or Naipali","Eastern Pahari, Khas-Kura or Naipali",0,1,770,497,412951,251266,161685
A. Vernaculars of India > Indo-European Family > Aryan Sub-Family > Indo-Aryan Branch > Inner Sub-Branch > Pahari Group > Western Pahari,Western Pahari,0,1,773,497,2325916,1211008,1114908
A. Vernaculars of India > Indo-European Family > Aryan Sub-Family > Indo-Aryan Branch > Inner Sub-Branch > Pahari Group > Pahari (Unspecified),Pahari (Unspecified),0,1,776,497,6395,3952,2443
A. Vernaculars of India > Unclassed Languages,Unclassed Languages,1,1,779,498,54453,29322,25131
A. Vernaculars of India > Unclassed Languages > Andamanese,Andamanese,0,1,782,498,466,251,215
A. Vernaculars of India > Unclassed Languages > Burushaski,Burushaski,0,1,782,498,26076,14678,11398
A. Vernaculars of India > Unclassed Languages > Gipsy Languages,Gipsy Languages,0,1,785,498,25999,13079,12920
A. Vernaculars of India > Unclassed Languages > Others (Indian unspecified or Language not returned),Others (Indian unspecified or Language not returned),0,1,788,498,1912,1314,598
B. Vernaculars of other Asiatic countries and Africa,B. Vernaculars of other Asiatic countries and Africa,1,1,791,498,302324,197655,104669
B. Vernaculars of other Asiatic countries and Africa > Indo-European Family,Indo-European Family,1,0,,,39224,25359,13865
B. Vernaculars of other Asiatic countries and Africa > Indo-European Family > Aryan Sub-Family,Aryan Sub-Family,1,1,794,499,39224,25359,13865
B. Vernaculars of other Asiatic countries and Africa > Indo-European Family > Aryan Sub-Family > Indo-Aryan Branch,Indo-Aryan Branch,1,0,,,3849,2006,1843
B. Vernaculars of other Asiatic countries and Africa > Indo-European Family > Aryan Sub-Family > Indo-Aryan Branch > Outer Sub-Branch,Outer Sub-Branch,1,0,,,3849,2006,1843
B. Vernaculars of other Asiatic countries and Africa > Indo-European Family > Aryan Sub-Family > Indo-Aryan Branch > Outer Sub-Branch > Southern Group,Southern Group,1,1,797,499,3849,2006,1843
B. Vernaculars of other Asiatic countries and Africa > Indo-European Family > Aryan Sub-Family > Indo-Aryan Branch > Outer Sub-Branch > Southern Group > Sinhalese,Sinhalese,0,1,800,499,3849,2006,1843
B. Vernaculars of other Asiatic countries and Africa > Indo-European Family > Aryan Sub-Family > Eranian Branch,Eranian Branch,1,1,803,499,35375,23353,12022
B. Vernaculars of other Asiatic countries and Africa > Indo-European Family > Aryan Sub-Family > Eranian Branch > Persian Group,Persian Group,1,0,,,34361,22826,11535
B. Vernaculars of other Asiatic countries and Africa > Indo-European Family > Aryan Sub-Family > Eranian Branch > Persian Group > Persian,Persian,0,1,806,499,34361,22826,11535
B. Vernaculars of other Asiatic countries and Africa > Indo-European Family > Aryan Sub-Family > Eranian Branch > Armenian Group,Armenian Group,1,0,,,1014,527,487
B. Vernaculars of other Asiatic countries and Africa > Indo-European Family > Aryan Sub-Family > Eranian Branch > Armenian Group > Armenian,Armenian,0,1,809,500,1014,527,487
B. Vernaculars of other Asiatic countries and Africa > Tibeto-Chinese Family,Tibeto-Chinese Family,1,1,812,500,185822,124284,61538
B. Vernaculars of other Asiatic countries and Africa > Tibeto-Chinese Family > Tai-Chinese Sub-Family,Tai-Chinese Sub-Family,1,0,,,185822,124284,61538
B. Vernaculars of other Asiatic countries and Africa > Tibeto-Chinese Family > Tai-Chinese Sub-Family > Chinese Branch,Chinese Branch,1,0,,,185815,124282,61533
B. Vernaculars of other Asiatic countries and Africa > Tibeto-Chinese Family > Tai-Chinese Sub-Family > Chinese Branch > Chinese Group,Chinese Group,1,1,815,500,185815,124282,61533
B. Vernaculars of other Asiatic countries and Africa > Tibeto-Chinese Family > Tai-Chinese Sub-Family > Chinese Branch > Chinese Group > Yunnanese,Yunnanese,0,1,818,500,67235,40487,26748
B. Vernaculars of other Asiatic countries and Africa > Tibeto-Chinese Family > Tai-Chinese Sub-Family > Chinese Branch > Chinese Group > Other Chinese Languages,Other Chinese Languages,0,1,821,501,118572,83792,34780
B. Vernaculars of other Asiatic countries and Africa > Tibeto-Chinese Family > Tai-Chinese Sub-Family > Chinese Branch > Chinese Group > Others (Anamese),Others (Anamese),0,1,824,501,8,3,5
B. Vernaculars of other Asiatic countries and Africa > Tibeto-Chinese Family > Tai-Chinese Sub-Family > Tai Branch,Tai Branch,1,0,,,7,2,5
B. Vernaculars of other Asiatic countries and Africa > Tibeto-Chinese Family > Tai-Chinese Sub-Family > Tai Branch > Tai Group,Tai Group,1,0,,,7,2,5
B. Vernaculars of other Asiatic countries and Africa > Tibeto-Chinese Family > Tai-Chinese Sub-Family > Tai Branch > Tai Group > Siamese,Siamese,0,1,827,501,7,2,5
B. Vernaculars of other Asiatic countries and Africa > Semitic Family,Semitic Family,1,1,830,501,59954,37052,22902
B. Vernaculars of other Asiatic countries and Africa > Semitic Family > Arabic,Arabic,0,1,833,501,54788,34374,20414
B. Vernaculars of other Asiatic countries and Africa > Semitic Family > Hebrew,Hebrew,0,1,836,502,5156,2672,2484
B. Vernaculars of other Asiatic countries and Africa > Semitic Family > Maltese,Maltese,0,1,839,502,4,1,3
B. Vernaculars of other Asiatic countries and Africa > Semitic Family > Syriac,Syriac,0,1,842,502,6,5,1
B. Vernaculars of other Asiatic countries and Africa > Hamitic Family,Hamitic Family,1,1,845,502,5039,2946,2093
B. Vernaculars of other Asiatic countries and Africa > Hamitic Family > Ethiopic Group,Ethiopic Group,1,1,848,502,5019,2938,2081
B. Vernaculars of other Asiatic countries and Africa > Hamitic Family > Ethiopic Group > Somali,Somali,0,1,851,503,4522,2476,2046
"B. Vernaculars of other Asiatic countries and Africa > Hamitic Family > Ethiopic Group > Egyptian, Abyssinian and others","Egyptian, Abyssinian and others",0,1,854,503,497,462,35
B. Vernaculars of other Asiatic countries and Africa > Mongolian Family,Mongolian Family,1,1,857,503,11943,7806,4137
B. Vernaculars of other Asiatic countries and Africa > Mongolian Family > Ural-Altaic Group,Ural-Altaic Group,1,0,,,7630,4596,3034
B. Vernaculars of other Asiatic countries and Africa > Mongolian Family > Ural-Altaic Group > Turkish,Turkish,0,1,860,503,7630,4596,3034
B. Vernaculars of other Asiatic countries and Africa > Mongolian Family > Japanese Group,Japanese Group,1,0,,,4304,3206,1098
B. Vernaculars of other Asiatic countries and Africa > Mongolian Family > Japanese Group > Japanese,Japanese,0,1,863,503,4304,3206,1098
B. Vernaculars of other Asiatic countries and Africa > Mongolian Family > Other Mongolian,Other Mongolian,0,1,866,504,9,4,5
B. Vernaculars of other Asiatic countries and Africa > Malayo-Polynesian Family,Malayo-Polynesian Family,1,0,,,342,208,134
B. Vernaculars of other Asiatic countries and Africa > Malayo-Polynesian Family > Malayan Group,Malayan Group,1,1,869,504,342,208,134
B. Vernaculars of other Asiatic countries and Africa > Malayo-Polynesian Family > Malayan Group > Tagalog and other Philippine Languages,Tagalog and other Philippine Languages,0,1,872,504,48,38,10
B. Vernaculars of other Asiatic countries and Africa > Malayo-Polynesian Family > Malayan Group > Javanese and other Malayan Languages,Javanese and other Malayan Languages,0,1,875,504,294,170,124
C. European languages,C. European languages,1,1,878,505,339706,208314,131392
C. European languages > Indo-European Family,Indo-European Family,1,1,881,505,339660,208290,131370
C. European languages > Indo-European Family > Greek Group,Greek Group,1,0,,,352,234,118
C. European languages > Indo-European Family > Greek Group > Greek (Romaic.),Greek (Romaic.),0,1,884,505,352,234,118
C. European languages > Indo-European Family > Romance Group,Romance Group,1,1,887,505,15430,9210,6220
C. European languages > Indo-European Family > Romance Group > Italian,Italian,0,1,890,505,1239,905,334
C. European languages > Indo-European Family > Romance Group > French,French,0,1,893,506,2966,1551,1415
C. European languages > Indo-European Family > Romance Group > Spanish,Spanish,0,1,896,506,587,383,204
C. European languages > Indo-European Family > Romance Group > Protuguese,Protuguese,0,1,899,506,10633,6366,4267
C. European languages > Indo-European Family > Romance Group > Basque,Basque,0,1,902,506,5,5,
C. European languages > Indo-European Family > Celtic Group,Celtic Group,1,1,905,506,1004,847,157
C. European languages > Indo-European Family > Celtic Group > Welsh,Welsh,0,1,908,506,53,105,48
C. European languages > Indo-European Family > Celtic Group > Gaelic (Scotch),Gaelic (Scotch),0,1,911,507,681,614,67
C. European languages > Indo-European Family > Celtic Group > Irish,Irish,0,1,914,507,179,136,43
C. European languages > Indo-European Family > Balto-Slavonic Group,Balto-Slavonic Group,1,0,,,188,126,62
"C. European languages > Indo-European Family > Balto-Slavonic Group > Slavonic (Russian, Polish and Others)","Slavonic (Russian, Polish and Others)",0,1,917,507,188,126,62
C. European languages > Indo-European Family > Teutonic Group,Teutonic Group,1,1,920,507,322686,197873,124813
C. European languages > Indo-European Family > Teutonic Group > English,English,0,1,923,507,319349,195989,123360
C. European languages > Indo-European Family > Teutonic Group > Dutch,Dutch,0,1,926,508,845,512,333
C. European languages > Indo-European Family > Teutonic Group > Flemish,Flemish,0,1,929,508,153,79,74
C. European languages > Indo-European Family > Teutonic Group > Norwegian,Norwegian,0,1,932,508,71,44,27
C. European languages > Indo-European Family > Teutonic Group > Swedish,Swedish,0,1,935,508,263,146,117
C. European languages > Indo-European Family > Teutonic Group > Danish,Danish,0,1,938,508,137,57,80
C. European languages > Indo-European Family > Teutonic Group > German,German,0,1,941,508,1867,1046,821
C. European languages > Mongolian Family,Mongolian Family,1,1,944,509,13,3,10
C. European languages > Mongolian Family > Ural-Altaic Group,Ural-Altaic Group,1,0,,,13,3,10
C. European languages > Mongolian Family > Ural-Altaic Group > Esthonian,Esthonian,0,1,947,509,1,1,
C. European languages > Mongolian Family > Ural-Altaic Group > Finnish,Finnish,0,1,950,509,8,,8
C. European languages > Mongolian Family > Ural-Altaic Group > Hungarian,Hungarian,0,1,953,509,4,2,2
C. European languages > European Languages unspecified,European Languages unspecified,0,1,956,509,33,21,12
