volume,area_path,area,lineage_1931_units,hand_mapped_present_day_units,rule
aden,,Aden,,,no geometry
ajmer,,Ajmer-Merwara,Ajmer Merwara,,hand crosswalk (MANUAL)
andaman,Andaman and Nicobar Islands,Andamans,@Andaman and Nicobar Islands,,hand crosswalk (MANUAL)
andaman,Andaman and Nicobar Islands,Nicobars,@Andaman and Nicobar Islands,,hand crosswalk (MANUAL)
assam,Assam > British Territory > Surma Valley and Hill Division,Cachar,Cachar,,name match in province
assam,Assam > British Territory > Surma Valley and Hill Division,Sylhet,Sylhet,,name match in province
assam,Assam > British Territory > Surma Valley and Hill Division,Khasi and Jaintia Hills (British),Khasi and Jaintia Hills,,hand crosswalk (MANUAL)
assam,Assam > British Territory > Surma Valley and Hill Division,Naga Hills,Naga Hills,,name match in province
assam,Assam > British Territory > Surma Valley and Hill Division,Lushai Hills,Lushai Hills,,name match in province
assam,Assam > British Territory > Assam Valley Division,Goalpara,Goalpara,,name match in province
assam,Assam > British Territory > Assam Valley Division,Kamrup,Kamrup,,name match in province
assam,Assam > British Territory > Assam Valley Division,Darrang,Darrang,,name match in province
assam,Assam > British Territory > Assam Valley Division,Nowgong,Nowgong,,name match in province
assam,Assam > British Territory > Assam Valley Division,Sibsagar,Sibsagar,,name match in province
assam,Assam > British Territory > Assam Valley Division,Lakhimpur,Lakhimpur,,name match in province
assam,Assam > British Territory > Assam Valley Division,Garo Hills,Garo Hills,,name match in province
assam,Assam > British Territory,Sadiya Frontier Tract,Sadiya Frontier Tract (N.E.F.A.),,hand crosswalk (MANUAL)
assam,Assam > British Territory,Balipara Frontier Tract,Balipara Frontier Tract (N.E.F.A.),,hand crosswalk (MANUAL)
assam,Assam,(2) Manipur State,Manipur,,hand crosswalk (MANUAL)
assam,Assam,(3) Khasi States,Khasi States,,hand crosswalk (MANUAL)
baluchistan,Baluchistan > Districts,Quetta-Pishin,,PAK:Quetta; PAK:Pishin; PAK:Qilla Abdullah,hand mapping outside the lineage (OUTSIDE)
baluchistan,Baluchistan > Districts,Loralai,,PAK:Loralai; PAK:Musakhel; PAK:Barkhan,hand mapping outside the lineage (OUTSIDE)
baluchistan,Baluchistan > Districts,Zhob,,PAK:Zhob; PAK:Qilla Saifullah,hand mapping outside the lineage (OUTSIDE)
baluchistan,Baluchistan > Districts,Bolan,,PAK:Kachhi,hand mapping outside the lineage (OUTSIDE)
baluchistan,Baluchistan > Districts,Chagai,,PAK:Chagai; PAK:Nushki,hand mapping outside the lineage (OUTSIDE)
baluchistan,Baluchistan > Districts > Sibi,Administered area,,PAK:Sibi; PAK:Ziarat,hand mapping outside the lineage (OUTSIDE)
baluchistan,Baluchistan > Districts > Sibi,Mari Bugti Country,,PAK:Kohlu; PAK:Dera Bugti,hand mapping outside the lineage (OUTSIDE)
baluchistan,Baluchistan > States > Kalat,Sarawan,,PAK:Kalat; PAK:Mastung,hand mapping outside the lineage (OUTSIDE)
baluchistan,Baluchistan > States > Kalat,Jhalawan,,PAK:Khuzdar; PAK:Awaran,hand mapping outside the lineage (OUTSIDE)
baluchistan,Baluchistan > States > Kalat,Kachhi,,PAK:Kachhi; PAK:Nasirabad; PAK:Jafarabad; PAK:Jhal Magsi,hand mapping outside the lineage (OUTSIDE)
baluchistan,Baluchistan > States > Kalat,Dombki-Kaheri Country,,PAK:Nasirabad,hand mapping outside the lineage (OUTSIDE)
baluchistan,Baluchistan > States > Kalat,Makran,,PAK:Kech; PAK:Panjgur,hand mapping outside the lineage (OUTSIDE)
baluchistan,Baluchistan > States > Kalat,Kharan,,PAK:Kharan,hand mapping outside the lineage (OUTSIDE)
baluchistan,Baluchistan > States,Las-Bela,,PAK:Lasbela,hand mapping outside the lineage (OUTSIDE)
baroda,Baroda State,Baroda City,Baroda,,hand crosswalk (MANUAL)
baroda,Baroda State,Amreli Division,Amreli,,hand crosswalk (MANUAL)
baroda,Baroda State,Baroda Division,Baroda,,hand crosswalk (MANUAL)
baroda,Baroda State,Mehsana Division,Mehsana,,hand crosswalk (MANUAL)
baroda,Baroda State,Navsari Division,Navsari,,hand crosswalk (MANUAL)
baroda,Baroda State,Okhamandal,Okhamandal,,name match in province
bengal,Bengal > Part A.—Population of Bengal Districts and States,Burdwan District,Burdwan,,name match in province
bengal,Bengal > Part A.—Population of Bengal Districts and States,Birbhum District,Birbhum,,name match in province
bengal,Bengal > Part A.—Population of Bengal Districts and States,Bankura District,Bankura,,name match in province
bengal,Bengal > Part A.—Population of Bengal Districts and States,Midnapore District,Midnapore,,name match in province
bengal,Bengal > Part A.—Population of Bengal Districts and States,Hooghly District,Hooghly,,name match in province
bengal,Bengal > Part A.—Population of Bengal Districts and States,Howrah District,Howrah,,name match in province
bengal,Bengal > Part A.—Population of Bengal Districts and States,24-Parganas District,24 - Parganas,,hand crosswalk (MANUAL)
bengal,Bengal > Part A.—Population of Bengal Districts and States,Calcutta,Calcutta,,name match in province
bengal,Bengal > Part A.—Population of Bengal Districts and States,Nadia District,Nadia,,name match in province
bengal,Bengal > Part A.—Population of Bengal Districts and States,Murshidabad District,Murshidabad,,name match in province
bengal,Bengal > Part A.—Population of Bengal Districts and States,Jessore District,,BGD:Jessore; BGD:Jhenaidah; BGD:Magura; BGD:Narail,hand mapping outside the lineage (OUTSIDE)
bengal,Bengal > Part A.—Population of Bengal Districts and States,Khulna District,,BGD:Khulna; BGD:Bagerhat; BGD:Satkhira,hand mapping outside the lineage (OUTSIDE)
bengal,Bengal > Part A.—Population of Bengal Districts and States,Rajshahi District,,BGD:Rajshahi; BGD:Natore; BGD:Naogaon,hand mapping outside the lineage (OUTSIDE)
bengal,Bengal > Part A.—Population of Bengal Districts and States,Dinajpur District,Dinajpur,,name match in province
bengal,Bengal > Part A.—Population of Bengal Districts and States,Jalpaiguri District,Jalpaiguri,,name match in province
bengal,Bengal > Part A.—Population of Bengal Districts and States,Darjeeling District,Darjeeling,,name match in province
bengal,Bengal > Part A.—Population of Bengal Districts and States,Rangpur District,,BGD:Rangpur; BGD:Gaibandha; BGD:Kurigram; BGD:Lalmonirhat; BGD:Nilphamari,hand mapping outside the lineage (OUTSIDE)
bengal,Bengal > Part A.—Population of Bengal Districts and States,Bogra District,,BGD:Bogra; BGD:Joypurhat,hand mapping outside the lineage (OUTSIDE)
bengal,Bengal > Part A.—Population of Bengal Districts and States,Pabna District,,BGD:Pabna; BGD:Sirajganj,hand mapping outside the lineage (OUTSIDE)
bengal,Bengal > Part A.—Population of Bengal Districts and States,Malda District,Malda,,name match in province
bengal,Bengal > Part A.—Population of Bengal Districts and States,Dacca District,,BGD:Dhaka; BGD:Gazipur; BGD:Manikganj; BGD:Munshiganj; BGD:Narayanganj; BGD:Narsingdi,hand mapping outside the lineage (OUTSIDE)
bengal,Bengal > Part A.—Population of Bengal Districts and States,Mymensingh District,,BGD:Mymensingh; BGD:Jamalpur; BGD:Kishoreganj; BGD:Netrakona; BGD:Sherpur; BGD:Tangail,hand mapping outside the lineage (OUTSIDE)
bengal,Bengal > Part A.—Population of Bengal Districts and States,Faridpur District,,BGD:Faridpur; BGD:Gopalganj; BGD:Madaripur; BGD:Rajbari; BGD:Shariatpur,hand mapping outside the lineage (OUTSIDE)
bengal,Bengal > Part A.—Population of Bengal Districts and States,Bakarganj District,,BGD:Barisal; BGD:Barguna; BGD:Bhola; BGD:Jhalokati; BGD:Patuakhali; BGD:Pirojpur,hand mapping outside the lineage (OUTSIDE)
bengal,Bengal > Part A.—Population of Bengal Districts and States,Tippera District,,BGD:Comilla; BGD:Brahamanbaria; BGD:Chandpur,hand mapping outside the lineage (OUTSIDE)
bengal,Bengal > Part A.—Population of Bengal Districts and States,Noakhali District,,BGD:Noakhali; BGD:Feni; BGD:Lakshmipur,hand mapping outside the lineage (OUTSIDE)
bengal,Bengal > Part A.—Population of Bengal Districts and States,Chittagong District,,BGD:Chittagong; BGD:Cox's Bazar,hand mapping outside the lineage (OUTSIDE)
bengal,Bengal > Part A.—Population of Bengal Districts and States,Chittagong Hill Tracts District,,BGD:Rangamati; BGD:Khagrachhari; BGD:Bandarban,hand mapping outside the lineage (OUTSIDE)
bengal,Bengal > Part A.—Population of Bengal Districts and States,Cooch Behar State,Cooch Behar,,hand crosswalk (MANUAL)
bengal,Bengal > Part A.—Population of Bengal Districts and States,Tripura State,Tripura,,hand crosswalk (MANUAL)
bengal,Part C.—Population of Sikkim,Sikkim,@Sikkim,,hand crosswalk (MANUAL)
bihar_orissa,Bihar and Orissa > British Territory > Patna Division,Patna,Patna|Bihar and Orissa,,hand crosswalk (MANUAL)
bihar_orissa,Bihar and Orissa > British Territory > Patna Division,Gaya,Gaya,,name match in province
bihar_orissa,Bihar and Orissa > British Territory > Patna Division,Shahabad,Shahabad,,name match in province
bihar_orissa,Bihar and Orissa > British Territory > Tirhut Division,Saran,Saran,,name match in province
bihar_orissa,Bihar and Orissa > British Territory > Tirhut Division,Champaran,Champaran,,name match in province
bihar_orissa,Bihar and Orissa > British Territory > Tirhut Division,Muzaffarpur,Muzaffarpur,,name match in province
bihar_orissa,Bihar and Orissa > British Territory > Tirhut Division,Darbhanga,Darbhanga,,name match in province
bihar_orissa,Bihar and Orissa > British Territory > Bhagalpur Division,Monghyr,Monghyr,,name match in province
bihar_orissa,Bihar and Orissa > British Territory > Bhagalpur Division,Bhagalpur,Bhagalpur,,name match in province
bihar_orissa,Bihar and Orissa > British Territory > Bhagalpur Division,Purnea,Purnea,,name match in province
bihar_orissa,Bihar and Orissa > British Territory > Bhagalpur Division,Santal Parganas,Santal Parganas,,name match in province
bihar_orissa,Bihar and Orissa > British Territory > Orissa Division,Cuttack,Cuttack,,name match in province
bihar_orissa,Bihar and Orissa > British Territory > Orissa Division,Balasore,Balasore,,name match in province
bihar_orissa,Bihar and Orissa > British Territory > Orissa Division,Angul,Angul,,name match in province
bihar_orissa,Bihar and Orissa > British Territory > Orissa Division,Puri,Puri,,name match in province
bihar_orissa,Bihar and Orissa > British Territory > Orissa Division,Sambalpur,Sambalpur,,name match in province
bihar_orissa,Bihar and Orissa > British Territory > Chota Nagpur Division,Hazaribagh,Hazaribagh,,name match in province
bihar_orissa,Bihar and Orissa > British Territory > Chota Nagpur Division,Ranchi,Ranchi,,name match in province
bihar_orissa,Bihar and Orissa > British Territory > Chota Nagpur Division,Palamau,Palamau,,name match in province
bihar_orissa,Bihar and Orissa > British Territory > Chota Nagpur Division,Manbhum,Manbhum,,name match in province
bihar_orissa,Bihar and Orissa > British Territory > Chota Nagpur Division,Singhbhum,Singhbhum,,name match in province
bihar_orissa,Bihar and Orissa > Feudatory States,Orissa States,Athgarh; Athmallik; Bamra; Baramba; Baud; Bonai; Daspalla; Dhenkanal; Gangpur; Hindol; Kalahandi; Keonjhar; Khandpara; Mayurbhanj; Nayagarh; Nilgiri; Pal Lahara; Patna|Bihar and Orissa-Orissa Tribuatory; Rairakhol; Ranpur; Sonpur; Talcher; Tigiria,,hand crosswalk (MANUAL)
bihar_orissa,Bihar and Orissa > Feudatory States,Chota Nagpur States,Kharsawan; Saraikela,,hand crosswalk (MANUAL)
bombay,Bombay Presidency including Bombay States and Agencies > British Districts,Bombay City,Bombay Suburban,,hand crosswalk (MANUAL)
bombay,Bombay Presidency including Bombay States and Agencies > British Districts > Northern Division,Ahmedabad,Ahmedabad,,name match in province
bombay,Bombay Presidency including Bombay States and Agencies > British Districts > Northern Division,Broach,Broach,,name match in province
bombay,Bombay Presidency including Bombay States and Agencies > British Districts > Northern Division,Kaira,Kaira,,name match in province
bombay,Bombay Presidency including Bombay States and Agencies > British Districts > Northern Division,Panch-Mahals,Panch Mahals,,hand crosswalk (MANUAL)
bombay,Bombay Presidency including Bombay States and Agencies > British Districts > Northern Division,Surat,Surat,,name match in province
bombay,Bombay Presidency including Bombay States and Agencies > British Districts > Northern Division,Thana,Thana,,name match in province
bombay,Bombay Presidency including Bombay States and Agencies > British Districts > Central Division,Ahmednagar,Ahmednagar,,name match in province
bombay,Bombay Presidency including Bombay States and Agencies > British Districts > Central Division,Khandesh-East,Khandesh East,,hand crosswalk (MANUAL)
bombay,Bombay Presidency including Bombay States and Agencies > British Districts > Central Division,Khandesh-West,Khandesh West,,hand crosswalk (MANUAL)
bombay,Bombay Presidency including Bombay States and Agencies > British Districts > Central Division,Nasik,Nasik,,name match in province
bombay,Bombay Presidency including Bombay States and Agencies > British Districts > Central Division,Poona,Poona,,name match in province
bombay,Bombay Presidency including Bombay States and Agencies > British Districts > Central Division,Satara,Satara,,name match in province
bombay,Bombay Presidency including Bombay States and Agencies > British Districts > Central Division,Sholapur,Sholapur,,name match in province
bombay,Bombay Presidency including Bombay States and Agencies > British Districts > Central Division,Bombay Suburban District,Bombay Suburban,,hand crosswalk (MANUAL)
bombay,Bombay Presidency including Bombay States and Agencies > British Districts > Southern Division,Belgaum,Belgaum,,name match in province
bombay,Bombay Presidency including Bombay States and Agencies > British Districts > Southern Division,Bijapur,Bijapur|Bombay Presidency,,name match in province
bombay,Bombay Presidency including Bombay States and Agencies > British Districts > Southern Division,Dharwar,Dharwar,,name match in province
bombay,Bombay Presidency including Bombay States and Agencies > British Districts > Southern Division,Kanara,Kanara,,name match in province
bombay,Bombay Presidency including Bombay States and Agencies > British Districts > Southern Division,Kolaba,Kolaba,,name match in province
bombay,Bombay Presidency including Bombay States and Agencies > British Districts > Southern Division,Ratnagiri,Ratnagiri,,name match in province
bombay,Bombay Presidency including Bombay States and Agencies > British Districts > Sind,Hyderabad,,PAK:Hyderabad; PAK:Badin; PAK:Matiari; PAK:Tando Allahyar; PAK:Tando Muhammad Khan,hand mapping outside the lineage (OUTSIDE)
bombay,Bombay Presidency including Bombay States and Agencies > British Districts > Sind,Karachi,,PAK:Karachi; PAK:Thatta,hand mapping outside the lineage (OUTSIDE)
bombay,Bombay Presidency including Bombay States and Agencies > British Districts > Sind,Larkana,,PAK:Qambar Shahdadkot; PAK:Dadu; PAK:Jamshoro,hand mapping outside the lineage (OUTSIDE)
bombay,Bombay Presidency including Bombay States and Agencies > British Districts > Sind,Nawabshah,,PAK:Nawabshah; PAK:Naushehro Feroze; PAK:Sanghar,hand mapping outside the lineage (OUTSIDE)
bombay,Bombay Presidency including Bombay States and Agencies > British Districts > Sind,Sukkur,,PAK:Sukkur; PAK:Shikarpur; PAK:Ghotki,hand mapping outside the lineage (OUTSIDE)
bombay,Bombay Presidency including Bombay States and Agencies > British Districts > Sind,Thar and Parkar,,PAK:Tharparkar; PAK:Umerkot; PAK:Mirpurkhas,hand mapping outside the lineage (OUTSIDE)
bombay,Bombay Presidency including Bombay States and Agencies > British Districts > Sind,Upper Sind Frontier,,PAK:Jacobabad; PAK:Kashmore,hand mapping outside the lineage (OUTSIDE)
bombay,Bombay Presidency including Bombay States and Agencies > Bombay States and Agencies,Cambay,Cambay,,name match in province
bombay,Bombay Presidency including Bombay States and Agencies > Bombay States and Agencies > Mahikantha Agency,(i) Idar,Mahikantha Agency,,hand crosswalk (MANUAL)
bombay,Bombay Presidency including Bombay States and Agencies > Bombay States and Agencies > Mahikantha Agency,(ii) Rest of the Agency,Mahikantha Agency,,hand crosswalk (MANUAL)
bombay,Bombay Presidency including Bombay States and Agencies > Bombay States and Agencies > Rewakantha Agency,(i) Rajpipla,Rajpipla,,hand crosswalk (MANUAL)
bombay,Bombay Presidency including Bombay States and Agencies > Bombay States and Agencies > Rewakantha Agency,(ii) Chota-Udepur,Chota Udepur,,hand crosswalk (MANUAL)
bombay,Bombay Presidency including Bombay States and Agencies > Bombay States and Agencies > Rewakantha Agency,(iii) Devgad-Baria,Devgad Baria,,hand crosswalk (MANUAL)
bombay,Bombay Presidency including Bombay States and Agencies > Bombay States and Agencies > Rewakantha Agency,(iv) Lunawada,Lunawada,,hand crosswalk (MANUAL)
bombay,Bombay Presidency including Bombay States and Agencies > Bombay States and Agencies > Rewakantha Agency,(v) Balasinor,Balasinor,,hand crosswalk (MANUAL)
bombay,Bombay Presidency including Bombay States and Agencies > Bombay States and Agencies > Rewakantha Agency,(vi) Santh,Santh,,hand crosswalk (MANUAL)
bombay,Bombay Presidency including Bombay States and Agencies > Bombay States and Agencies > Rewakantha Agency,(vii) Sankhed-Mewas,Sankheda Mewas,,hand crosswalk (MANUAL)
bombay,Bombay Presidency including Bombay States and Agencies > Bombay States and Agencies > Rewakantha Agency,(viii) Rest of the Agency,Kadana; Pandu Mewas; Sanjeli,,hand crosswalk (MANUAL)
bombay,Bombay Presidency including Bombay States and Agencies > Bombay States and Agencies,Jawhar,Jawhar,,name match in province
bombay,Bombay Presidency including Bombay States and Agencies > Bombay States and Agencies,Janjira,Janjira,,name match in province
bombay,Bombay Presidency including Bombay States and Agencies > Bombay States and Agencies,Bhor,Bhor,,name match in province
bombay,Bombay Presidency including Bombay States and Agencies > Bombay States and Agencies,Aundh,Aundh,,name match in province
bombay,Bombay Presidency including Bombay States and Agencies > Bombay States and Agencies,Phaltan,Phaltan,,name match in province
bombay,Bombay Presidency including Bombay States and Agencies > Bombay States and Agencies,Akalkot,Akalkot,,name match in province
bombay,Bombay Presidency including Bombay States and Agencies > Bombay States and Agencies,Sawantwadi,Savantvadi,,hand crosswalk (MANUAL)
bombay,Bombay Presidency including Bombay States and Agencies > Bombay States and Agencies,Kolhapur,Kolhapur,,name match in province
bombay,Bombay Presidency including Bombay States and Agencies > Bombay States and Agencies,Kurundwad (Senior),Sangli,,hand crosswalk (MANUAL)
bombay,Bombay Presidency including Bombay States and Agencies > Bombay States and Agencies,Kurundwad (Junior),Sangli,,hand crosswalk (MANUAL)
bombay,Bombay Presidency including Bombay States and Agencies > Bombay States and Agencies,Miraj (Senior),Miraj,,hand crosswalk (MANUAL)
bombay,Bombay Presidency including Bombay States and Agencies > Bombay States and Agencies,Miraj (Junior),Miraj,,hand crosswalk (MANUAL)
bombay,Bombay Presidency including Bombay States and Agencies > Bombay States and Agencies,Jamkhandi,Jamkhandi,,name match in province
bombay,Bombay Presidency including Bombay States and Agencies > Bombay States and Agencies,Mudhol,Mudhol,,name match in province
bombay,Bombay Presidency including Bombay States and Agencies > Bombay States and Agencies,Ramdurg,Ramdurg,,name match in province
bombay,Bombay Presidency including Bombay States and Agencies > Bombay States and Agencies,Sangli,Sangli,,name match in province
bombay,Bombay Presidency including Bombay States and Agencies > Bombay States and Agencies,Wadi-Jhagir,Sangli,,hand crosswalk (MANUAL)
bombay,Bombay Presidency including Bombay States and Agencies > Bombay States and Agencies,Jath,Jath,,name match in province
bombay,Bombay Presidency including Bombay States and Agencies > Bombay States and Agencies,Bansda,Bansda,,name match in province
bombay,Bombay Presidency including Bombay States and Agencies > Bombay States and Agencies,Dharampur,Dharampur,,name match in province
bombay,Bombay Presidency including Bombay States and Agencies > Bombay States and Agencies,Sachin,Surat,,hand crosswalk (MANUAL)
bombay,Bombay Presidency including Bombay States and Agencies > Bombay States and Agencies,Dangs,Dangs,,name match in province
bombay,Bombay Presidency including Bombay States and Agencies > Bombay States and Agencies,Khairpur,,PAK:Khairpur,hand mapping outside the lineage (OUTSIDE)
bombay,Bombay Presidency including Bombay States and Agencies > Bombay States and Agencies,Surgana,Surgana,,name match in province
bombay,Bombay Presidency including Bombay States and Agencies > Bombay States and Agencies,Savanur,Savanur,,name match in province
burma,Burma > Divisional Burma > Arakan Division,Akyab,,MMR:Rakhine,hand mapping outside the lineage (OUTSIDE)
burma,Burma > Divisional Burma > Arakan Division,Arakan Hill Tracts,,MMR:Rakhine,hand mapping outside the lineage (OUTSIDE)
burma,Burma > Divisional Burma > Arakan Division,Kyaukpyu,,MMR:Rakhine,hand mapping outside the lineage (OUTSIDE)
burma,Burma > Divisional Burma > Arakan Division,Sandoway,,MMR:Rakhine,hand mapping outside the lineage (OUTSIDE)
burma,Burma > Divisional Burma > Pegu Division,Rangoon Town,,MMR:Yangon; MMR:Bago,hand mapping outside the lineage (OUTSIDE)
burma,Burma > Divisional Burma > Pegu Division,Pegu,,MMR:Yangon; MMR:Bago,hand mapping outside the lineage (OUTSIDE)
burma,Burma > Divisional Burma > Pegu Division,Tharrawaddy,,MMR:Yangon; MMR:Bago,hand mapping outside the lineage (OUTSIDE)
burma,Burma > Divisional Burma > Pegu Division,Hanthawaddy,,MMR:Yangon; MMR:Bago,hand mapping outside the lineage (OUTSIDE)
burma,Burma > Divisional Burma > Pegu Division,Insein,,MMR:Yangon; MMR:Bago,hand mapping outside the lineage (OUTSIDE)
burma,Burma > Divisional Burma > Pegu Division,Prome,,MMR:Yangon; MMR:Bago,hand mapping outside the lineage (OUTSIDE)
burma,Burma > Divisional Burma > Irrawaddy Division,Bassein,,MMR:Ayeyarwady,hand mapping outside the lineage (OUTSIDE)
burma,Burma > Divisional Burma > Irrawaddy Division,Henzada,,MMR:Ayeyarwady,hand mapping outside the lineage (OUTSIDE)
burma,Burma > Divisional Burma > Irrawaddy Division,Myaungmya,,MMR:Ayeyarwady,hand mapping outside the lineage (OUTSIDE)
burma,Burma > Divisional Burma > Irrawaddy Division,Maubin,,MMR:Ayeyarwady,hand mapping outside the lineage (OUTSIDE)
burma,Burma > Divisional Burma > Irrawaddy Division,Pyapôn,,MMR:Ayeyarwady,hand mapping outside the lineage (OUTSIDE)
burma,Burma > Divisional Burma > Tenasserim Division,Salween,,MMR:Bago; MMR:Mon; MMR:Kayin; MMR:Tanintharyi,hand mapping outside the lineage (OUTSIDE)
burma,Burma > Divisional Burma > Tenasserim Division,Thatôn,,MMR:Bago; MMR:Mon; MMR:Kayin; MMR:Tanintharyi,hand mapping outside the lineage (OUTSIDE)
burma,Burma > Divisional Burma > Tenasserim Division,Amherst,,MMR:Bago; MMR:Mon; MMR:Kayin; MMR:Tanintharyi,hand mapping outside the lineage (OUTSIDE)
burma,Burma > Divisional Burma > Tenasserim Division,Tavoy,,MMR:Bago; MMR:Mon; MMR:Kayin; MMR:Tanintharyi,hand mapping outside the lineage (OUTSIDE)
burma,Burma > Divisional Burma > Tenasserim Division,Mergui,,MMR:Bago; MMR:Mon; MMR:Kayin; MMR:Tanintharyi,hand mapping outside the lineage (OUTSIDE)
burma,Burma > Divisional Burma > Tenasserim Division,Toungoo,,MMR:Bago; MMR:Mon; MMR:Kayin; MMR:Tanintharyi,hand mapping outside the lineage (OUTSIDE)
burma,Burma > Divisional Burma > Magwe Division,Thayetmyo,,MMR:Magway; MMR:Chin,hand mapping outside the lineage (OUTSIDE)
burma,Burma > Divisional Burma > Magwe Division,Minbu,,MMR:Magway; MMR:Chin,hand mapping outside the lineage (OUTSIDE)
burma,Burma > Divisional Burma > Magwe Division,Magwe,,MMR:Magway; MMR:Chin,hand mapping outside the lineage (OUTSIDE)
burma,Burma > Divisional Burma > Magwe Division,Pakôkku,,MMR:Magway; MMR:Chin,hand mapping outside the lineage (OUTSIDE)
burma,Burma > Divisional Burma > Magwe Division,Chin Hills,,MMR:Magway; MMR:Chin,hand mapping outside the lineage (OUTSIDE)
burma,Burma > Divisional Burma > Mandalay Division,Mandalay,,MMR:Mandalay,hand mapping outside the lineage (OUTSIDE)
burma,Burma > Divisional Burma > Mandalay Division,Kyauksè,,MMR:Mandalay,hand mapping outside the lineage (OUTSIDE)
burma,Burma > Divisional Burma > Mandalay Division,Meiktila,,MMR:Mandalay,hand mapping outside the lineage (OUTSIDE)
burma,Burma > Divisional Burma > Mandalay Division,Myingyan,,MMR:Mandalay,hand mapping outside the lineage (OUTSIDE)
burma,Burma > Divisional Burma > Mandalay Division,Yamèthin,,MMR:Mandalay,hand mapping outside the lineage (OUTSIDE)
burma,Burma > Divisional Burma > Sagaing Division,Bhamo,,MMR:Sagaing; MMR:Kachin,hand mapping outside the lineage (OUTSIDE)
burma,Burma > Divisional Burma > Sagaing Division,Myitkyina,,MMR:Sagaing; MMR:Kachin,hand mapping outside the lineage (OUTSIDE)
burma,Burma > Divisional Burma > Sagaing Division,Shwebo,,MMR:Sagaing; MMR:Kachin,hand mapping outside the lineage (OUTSIDE)
burma,Burma > Divisional Burma > Sagaing Division,Sagaing,,MMR:Sagaing; MMR:Kachin,hand mapping outside the lineage (OUTSIDE)
burma,Burma > Divisional Burma > Sagaing Division,Katha,,MMR:Sagaing; MMR:Kachin,hand mapping outside the lineage (OUTSIDE)
burma,Burma > Divisional Burma > Sagaing Division,Lower Chindwin,,MMR:Sagaing; MMR:Kachin,hand mapping outside the lineage (OUTSIDE)
burma,Burma > Divisional Burma > Sagaing Division,Upper Chindwin,,MMR:Sagaing; MMR:Kachin,hand mapping outside the lineage (OUTSIDE)
burma,Burma > Eastern States,Northern Shan States,,MMR:Shan,hand mapping outside the lineage (OUTSIDE)
burma,Burma > Eastern States,Southern Shan States,,MMR:Shan,hand mapping outside the lineage (OUTSIDE)
burma,Burma > Eastern States,Karenni,,MMR:Kayah,hand mapping outside the lineage (OUTSIDE)
cia,Central India Agency,British Pargana of Manpur,Indore,,hand crosswalk (MANUAL)
cia,Central India Agency,Indore,Indore; Kukshi (Indore); Mehidpur (Indore); Nemawar (Indore); Rampura (Indore),,hand crosswalk (MANUAL)
cia,Central India Agency > Bhopal Agency,Bhopal,Bhopal,,name match in province
cia,Central India Agency > Bhopal Agency,Khilchipur,Khilchipur,,name match in province
cia,Central India Agency > Bhopal Agency,Narsinghgarh,Narsinghgarh,,name match in province
cia,Central India Agency > Bhopal Agency,Rajgarh,Rajgarh,,name match in province
cia,Central India Agency > Bhopal Agency > Rest of Agency,Kurwai,Bhopal,,hand crosswalk (MANUAL)
cia,Central India Agency > Bhopal Agency > Rest of Agency,Other States,Bhopal,,hand crosswalk (MANUAL)
cia,Central India Agency > Malwa Agency,Dewas (Senior),Dewas,,hand crosswalk (MANUAL)
cia,Central India Agency > Malwa Agency,Dewas (Junior),Dewas,,hand crosswalk (MANUAL)
cia,Central India Agency > Malwa Agency,Jaora,Jaora,,name match in province
cia,Central India Agency > Malwa Agency,Ratlam,Ratlam,,name match in province
cia,Central India Agency > Malwa Agency,Sailana,Sailana,,name match in province
cia,Central India Agency > Malwa Agency,Sitamau,Sitamau,,name match in province
cia,Central India Agency > Malwa Agency,Rest of Agency,Jaora; Sitamau,,hand crosswalk (MANUAL)
cia,Central India Agency > Southern Central India States Agency,Ali-Rajpur,Ali Rajpur,,hand crosswalk (MANUAL)
cia,Central India Agency > Southern Central India States Agency,Barwani,Barwani,,name match in province
cia,Central India Agency > Southern Central India States Agency,Dhar,Dhar,,name match in province
cia,Central India Agency > Southern Central India States Agency,Jhabua,Jhabua,,name match in province
cia,Central India Agency > Southern Central India States Agency > Rest of Agency,Jobat,Jobat,,name match in province
cia,Central India Agency > Southern Central India States Agency > Rest of Agency,Other States,Mathwar; Bori,,hand crosswalk (MANUAL)
cia,Central India Agency > Bundelkhand Agency,Ajaigarh,Ajaigarh,,name match in province
cia,Central India Agency > Bundelkhand Agency,Baoni,Baoni,,name match in province
cia,Central India Agency > Bundelkhand Agency,Bijawar,Bijawar,,name match in province
cia,Central India Agency > Bundelkhand Agency,Charkhari,Charkhari,,name match in province
cia,Central India Agency > Bundelkhand Agency,Chhatarpur,Chhatarpur,,name match in province
cia,Central India Agency > Bundelkhand Agency,Datia,Datia,,name match in province
cia,Central India Agency > Bundelkhand Agency,Orchha,Orchha,,name match in province
cia,Central India Agency > Bundelkhand Agency,Panna,Panna,,name match in province
cia,Central India Agency > Bundelkhand Agency,Samthar,Samthar,,name match in province
cia,Central India Agency > Bundelkhand Agency,Rest of Agency,Beri; Jigni; Sarila,,hand crosswalk (MANUAL)
cia,Central India Agency > Baghelkhand Agency,Baraundha,Baraundha,,name match in province
cia,Central India Agency > Baghelkhand Agency,Maihar,Maihar,,name match in province
cia,Central India Agency > Baghelkhand Agency,Nagod,Nagod,,name match in province
cia,Central India Agency > Baghelkhand Agency,Rewa,Rewa,,name match in province
cia,Central India Agency > Baghelkhand Agency > Rest of Agency,Kothi,Kothi,,name match in province
cia,Central India Agency > Baghelkhand Agency > Rest of Agency,Sohawal,Sohawal,,name match in province
cia,Central India Agency > Baghelkhand Agency > Rest of Agency,Other States,Jaso,,hand crosswalk (MANUAL)
cia,Central India Agency,Khaniadhana (Gwalior Residency),Khaniadhana,,hand crosswalk (MANUAL)
cochin,,Cochin State,Cochin,,hand crosswalk (MANUAL)
cp_berar,Central Provinces and Berar > C. P. British Districts and Berar > C. P. British Districts > Jubbulpore Division,Saugor,Saugor,,name match in province
cp_berar,Central Provinces and Berar > C. P. British Districts and Berar > C. P. British Districts > Jubbulpore Division,Damoh,Damoh,,name match in province
cp_berar,Central Provinces and Berar > C. P. British Districts and Berar > C. P. British Districts > Jubbulpore Division,Jubbulpore,Jubbulpore,,name match in province
cp_berar,Central Provinces and Berar > C. P. British Districts and Berar > C. P. British Districts > Jubbulpore Division,Mandla,Mandla,,name match in province
cp_berar,Central Provinces and Berar > C. P. British Districts and Berar > C. P. British Districts > Jubbulpore Division,Seoni,Seoni,,name match in province
cp_berar,Central Provinces and Berar > C. P. British Districts and Berar > C. P. British Districts > Nerbudda Division,Narsinghpur,Narsinghpur,,name match in province
cp_berar,Central Provinces and Berar > C. P. British Districts and Berar > C. P. British Districts > Nerbudda Division,Hoshangabad,Hoshangabad,,name match in province
cp_berar,Central Provinces and Berar > C. P. British Districts and Berar > C. P. British Districts > Nerbudda Division,Nimar,Nimar,,name match in province
cp_berar,Central Provinces and Berar > C. P. British Districts and Berar > C. P. British Districts > Nerbudda Division,Betul,Betul,,name match in province
cp_berar,Central Provinces and Berar > C. P. British Districts and Berar > C. P. British Districts > Nerbudda Division,Chhindwara,Chhindwara,,name match in province
cp_berar,Central Provinces and Berar > C. P. British Districts and Berar > C. P. British Districts > Nagpur Division,Wardha,Wardha,,name match in province
cp_berar,Central Provinces and Berar > C. P. British Districts and Berar > C. P. British Districts > Nagpur Division,Nagpur,Nagpur,,name match in province
cp_berar,Central Provinces and Berar > C. P. British Districts and Berar > C. P. British Districts > Nagpur Division,Chanda,Chanda,,name match in province
cp_berar,Central Provinces and Berar > C. P. British Districts and Berar > C. P. British Districts > Nagpur Division,Bhandara,Bhandara,,name match in province
cp_berar,Central Provinces and Berar > C. P. British Districts and Berar > C. P. British Districts > Nagpur Division,Balaghat,Balaghat,,name match in province
cp_berar,Central Provinces and Berar > C. P. British Districts and Berar > C. P. British Districts > Chhattisgarh Division,Raipur,Raipur,,name match in province
cp_berar,Central Provinces and Berar > C. P. British Districts and Berar > C. P. British Districts > Chhattisgarh Division,Bilaspur,Bilaspur|Central Province and Berar,,name match in province
cp_berar,Central Provinces and Berar > C. P. British Districts and Berar > C. P. British Districts > Chhattisgarh Division,Drug,Drug,,name match in province
cp_berar,Central Provinces and Berar > C. P. British Districts and Berar > Berar,Amraoti,Amraoti,,name match in province
cp_berar,Central Provinces and Berar > C. P. British Districts and Berar > Berar,Akola,Akola,,name match in province
cp_berar,Central Provinces and Berar > C. P. British Districts and Berar > Berar,Buldana,Buldana,,name match in province
cp_berar,Central Provinces and Berar > C. P. British Districts and Berar > Berar,Yeotmal,Yeotmal,,name match in province
cp_berar,Central Provinces and Berar > Central Provinces States,Makrai,Makrai,,name match in province
cp_berar,Central Provinces and Berar > Central Provinces States,Bastar,Bastar,,name match in province
cp_berar,Central Provinces and Berar > Central Provinces States,Kanker,Kanker,,name match in province
cp_berar,Central Provinces and Berar > Central Provinces States,Nandgaon,Nandgaon,,name match in province
cp_berar,Central Provinces and Berar > Central Provinces States,Khairagarh,Khairagarh,,name match in province
cp_berar,Central Provinces and Berar > Central Provinces States,Chhuikhadan,Chhuikhadan,,name match in province
cp_berar,Central Provinces and Berar > Central Provinces States,Kawardha,Kawardha,,name match in province
cp_berar,Central Provinces and Berar > Central Provinces States,Sakti,Sakti,,name match in province
cp_berar,Central Provinces and Berar > Central Provinces States,Raigarh,Raigarh|Central Province and Berar,,name match in province
cp_berar,Central Provinces and Berar > Central Provinces States,Sarangarh,Sarangarh,,name match in province
cp_berar,Central Provinces and Berar > Central Provinces States,Changbhakar,Chang Bhakar,,hand crosswalk (MANUAL)
cp_berar,Central Provinces and Berar > Central Provinces States,Korea,Korea,,name match in province
cp_berar,Central Provinces and Berar > Central Provinces States,Surguja,Surguja,,name match in province
cp_berar,Central Provinces and Berar > Central Provinces States,Udaipur,Udaipur,,name match in province
cp_berar,Central Provinces and Berar > Central Provinces States,Jashpur,Jashpur,,name match in province
gwalior,Gwalior State,Bhind,Bhind,,name match in province
gwalior,Gwalior State,Tonwarghar,Tonwarghar,,name match in province
gwalior,Gwalior State,Sheopur,Sheopur,,name match in province
gwalior,Gwalior State,Narwar,Narwar,,name match in province
gwalior,Gwalior State,Isagarh,Isagarh,,name match in province
gwalior,Gwalior State,Bhilsa,Bhilsa,,name match in province
gwalior,Gwalior State,Ujjain,Ujjain,,name match in province
gwalior,Gwalior State,Mandsaur,Mandsaur,,name match in province
gwalior,Gwalior State,Shajapur,Shajapur,,name match in province
gwalior,Gwalior State,Amjhera,Amjhera,,name match in province
gwalior,Gwalior State,Gird,Gird,,name match in province
hyderabad,Hyderabad State,Hyderabad City,Atraf-i-Balda,,hand crosswalk (MANUAL)
hyderabad,Hyderabad State,Atraf-i-Balda,Atraf-i-Balda,,name match in province
hyderabad,Hyderabad State,Warangal,Warangal,,name match in province
hyderabad,Hyderabad State,Karimnagar,Karimnagar,,name match in province
hyderabad,Hyderabad State,Adilabad,Adilabad,,name match in province
hyderabad,Hyderabad State,Medak,Medak,,name match in province
hyderabad,Hyderabad State,Nizamabad,Nizamabad,,name match in province
hyderabad,Hyderabad State,Mahbubnagar,Mahbubnagar,,name match in province
hyderabad,Hyderabad State,Nalgonda,Nalgonda,,name match in province
hyderabad,Hyderabad State,Aurangabad,Aurangabad|Hyderabad,,name match in province
hyderabad,Hyderabad State,Bir,Bir,,name match in province
hyderabad,Hyderabad State,Nander,Nander,,name match in province
hyderabad,Hyderabad State,Parbhani,Parbhani,,name match in province
hyderabad,Hyderabad State,Gulbarga,Gulbarga,,name match in province
hyderabad,Hyderabad State,Osmanabad,Osmanabad,,name match in province
hyderabad,Hyderabad State,Raichur,Raichur,,name match in province
hyderabad,Hyderabad State,Bidar,Bidar,,name match in province
jk,Jammu and Kashmir State > Jammu Province,Jammu District,,JK:Jammu; JK:Samba,hand mapping outside the lineage (OUTSIDE)
jk,Jammu and Kashmir State > Jammu Province,Kathua District,,JK:Kathua,hand mapping outside the lineage (OUTSIDE)
jk,Jammu and Kashmir State > Jammu Province,Udhampur District,,JK:Udhampur; JK:Doda; JK:Ramban; JK:Kishtwar,hand mapping outside the lineage (OUTSIDE)
jk,Jammu and Kashmir State > Jammu Province,Reasi District,,JK:Reasi; JK:Rajouri,hand mapping outside the lineage (OUTSIDE)
jk,Jammu and Kashmir State > Jammu Province,Mirpur District,,PAK:Azad Kashmir,hand mapping outside the lineage (OUTSIDE)
jk,Jammu and Kashmir State > Jammu Province,Poonch Jagir,,JK:Punch; PAK:Azad Kashmir,hand mapping outside the lineage (OUTSIDE)
jk,Jammu and Kashmir State > Jammu Province,Chenani Jagir,,JK:Udhampur,hand mapping outside the lineage (OUTSIDE)
jk,Jammu and Kashmir State > Kashmir Province,Kashmir South (including Municipality),,JK:Srinagar; JK:Badgam; JK:Anantnag; JK:Kulgam; JK:Pulwama; JK:Shupiyan; JK:Ganderbal,hand mapping outside the lineage (OUTSIDE)
jk,Jammu and Kashmir State > Kashmir Province,Kashmir North,,JK:Baramula; JK:Bandipore; JK:Kupwara,hand mapping outside the lineage (OUTSIDE)
jk,Jammu and Kashmir State > Kashmir Province,Muzaffarabad,,PAK:Azad Kashmir,hand mapping outside the lineage (OUTSIDE)
jk,Jammu and Kashmir State > Frontier Districts,Ladakh District,,JK:Leh(Ladakh); JK:Kargil; PAK:Skardu; PAK:Ghanche; PAK:Shigar; PAK:Kharmang,hand mapping outside the lineage (OUTSIDE)
jk,Jammu and Kashmir State > Frontier Districts,Gilgit District,,PAK:Gilgit; PAK:Hunza; PAK:Nagar; PAK:Ghizer; PAK:Diamer; PAK:Astore,hand mapping outside the lineage (OUTSIDE)
jk,Jammu and Kashmir State > Frontier Districts,Frontier Ilaqas,,PAK:Gilgit; PAK:Hunza; PAK:Nagar; PAK:Ghizer; PAK:Diamer; PAK:Astore,hand mapping outside the lineage (OUTSIDE)
madras,Madras > British Territory > Ganjam,Agency,Ganjam,,hand crosswalk (MANUAL)
madras,Madras > British Territory > Ganjam,Plains,Ganjam,,hand crosswalk (MANUAL)
madras,Madras > British Territory > Vizagapatam,Agency,Vizagapatam,,hand crosswalk (MANUAL)
madras,Madras > British Territory > Vizagapatam,Plains,Vizagapatam,,hand crosswalk (MANUAL)
madras,"Madras > British Territory > Godavari, East",Agency,Godavari East,,hand crosswalk (MANUAL)
madras,"Madras > British Territory > Godavari, East",Plains,Godavari East,,hand crosswalk (MANUAL)
madras,Madras > British Territory,"Godavari, West",Godavari West,,hand crosswalk (MANUAL)
madras,Madras > British Territory,Kistna,Kistna,,name match in province
madras,Madras > British Territory,Guntur,Guntur,,name match in province
madras,Madras > British Territory,Nellore,Nellore,,name match in province
madras,Madras > British Territory,Cuddapah,Cuddapah,,name match in province
madras,Madras > British Territory,Kurnool,Kurnool,,name match in province
madras,Madras > British Territory,Bellary,Bellary,,name match in province
madras,Madras > British Territory,Anantapur,Anantapur,,name match in province
madras,Madras > British Territory,Madras,Madras,,name match in province
madras,Madras > British Territory,Chingleput,Chingleput,,name match in province
madras,Madras > British Territory,Chittoor,Chittoor,,name match in province
madras,Madras > British Territory,North Arcot,North Arcot,,name match in province
madras,Madras > British Territory,Salem,Salem,,name match in province
madras,Madras > British Territory,Coimbatore,Coimbatore,,name match in province
madras,Madras > British Territory,South Arcot,South Arcot,,name match in province
madras,Madras > British Territory,Tanjore,Tanjore,,name match in province
madras,Madras > British Territory,Trichinopoly,Trichinopoly,,name match in province
madras,Madras > British Territory,Madura,Madura,,name match in province
madras,Madras > British Territory,Ramnad,Ramnad,,name match in province
madras,Madras > British Territory,Tinnevelly,Tinnevelly,,name match in province
madras,Madras > British Territory,Nilgiris,Nilgiris,,name match in province
madras,Madras > British Territory,Malabar,Malabar,,name match in province
madras,Madras > British Territory,South Kanara,South Kanara,,name match in province
madras,Madras > Madras States,Pudukkottai,Pudukkottai,,name match in province
madras,Madras > Madras States,Banganapalle,Banganapalle,,name match in province
madras,Madras > Madras States,Sandur,Sandur,,name match in province
mysore,Mysore State,Bangalore City,Bangalore,,hand crosswalk (MANUAL)
mysore,Mysore State,Bangalore District,Bangalore,,hand crosswalk (MANUAL)
mysore,Mysore State,Kolar Gold Fields (City),Kolar,,hand crosswalk (MANUAL)
mysore,Mysore State,Kolar District,Kolar,,hand crosswalk (MANUAL)
mysore,Mysore State,Tumkur District,Tumkur,,hand crosswalk (MANUAL)
mysore,Mysore State,Mysore City,Mysore,,hand crosswalk (MANUAL)
mysore,Mysore State,Mysore District,Mysore,,hand crosswalk (MANUAL)
mysore,Mysore State,Chitaldrug District,Chitaldrug,,hand crosswalk (MANUAL)
mysore,Mysore State,Hassan District,Hassan,,hand crosswalk (MANUAL)
mysore,Mysore State,Kadur District,Kadur,,hand crosswalk (MANUAL)
mysore,Mysore State,Shimoga District,Shimoga,,hand crosswalk (MANUAL)
mysore,Mysore State,"Civil and Military Station, Bangalore",Bangalore,,hand crosswalk (MANUAL)
nwfp,N.-W. F. Province > Districts,Hazara,,PAK:Abbottabad; PAK:Haripur; PAK:Mansehra; PAK:Battagram,hand mapping outside the lineage (OUTSIDE)
nwfp,N.-W. F. Province > Districts,Peshawar,,PAK:Peshawar; PAK:Charsadda; PAK:Nowshera; PAK:Mardan; PAK:Swabi,hand mapping outside the lineage (OUTSIDE)
nwfp,N.-W. F. Province > Districts,Kohat,,PAK:Kohat; PAK:Hangu; PAK:Karak,hand mapping outside the lineage (OUTSIDE)
nwfp,N.-W. F. Province > Districts,Bannu,,PAK:Bannu; PAK:Lakki Marwat,hand mapping outside the lineage (OUTSIDE)
nwfp,N.-W. F. Province > Districts,Dera Ismail Khan,,PAK:Dera Ismail Khan; PAK:Tank,hand mapping outside the lineage (OUTSIDE)
nwfp,N.-W. F. Province,Trans-frontier posts,,,not comparable
punjab,Punjab > British Territory > Ambala Division,Hissar,Hissar,,name match in province
punjab,Punjab > British Territory > Ambala Division,Rohtak,Rohtak,,name match in province
punjab,Punjab > British Territory > Ambala Division,Gurgaon,Gurgaon,,name match in province
punjab,Punjab > British Territory > Ambala Division,Karnal,Karnal,,name match in province
punjab,Punjab > British Territory > Ambala Division,Ambala,Ambala,,name match in province
punjab,Punjab > British Territory > Ambala Division,Simla,Simla,,name match in province
punjab,Punjab > British Territory > Jullundur Division,Kangra,Kangra,,name match in province
punjab,Punjab > British Territory > Jullundur Division,Hoshiarpur,Hoshiarpur,,name match in province
punjab,Punjab > British Territory > Jullundur Division,Jullundur,Jullundur,,name match in province
punjab,Punjab > British Territory > Jullundur Division,Ludhiana,Ludhiana,,name match in province
punjab,Punjab > British Territory > Jullundur Division,Ferozepore,Ferozepur,,hand crosswalk (MANUAL)
punjab,Punjab > British Territory > Lahore Division,Lahore,,PAK:Lahore; PAK:Kasur,hand mapping outside the lineage (OUTSIDE)
punjab,Punjab > British Territory > Lahore Division,Amritsar,Amritsar,,name match in province
punjab,Punjab > British Territory > Lahore Division,Gurdaspur,Gurdaspur,,name match in province
punjab,Punjab > British Territory > Lahore Division,Sialkot,,PAK:Sialkot; PAK:Narowal,hand mapping outside the lineage (OUTSIDE)
punjab,Punjab > British Territory > Lahore Division,Gujranwala,,PAK:Gujranwala; PAK:Hafizabad,hand mapping outside the lineage (OUTSIDE)
punjab,Punjab > British Territory > Lahore Division,Sheikhupura,,PAK:Sheikhpura,hand mapping outside the lineage (OUTSIDE)
punjab,Punjab > British Territory > Rawalpindi Division,Gujrat,,PAK:Gujrat; PAK:Mandi Bahauddin,hand mapping outside the lineage (OUTSIDE)
punjab,Punjab > British Territory > Rawalpindi Division,Shahpur,,PAK:Sargodha; PAK:Khushab,hand mapping outside the lineage (OUTSIDE)
punjab,Punjab > British Territory > Rawalpindi Division,Jhelum,,PAK:Jhelum; PAK:Chakwal,hand mapping outside the lineage (OUTSIDE)
punjab,Punjab > British Territory > Rawalpindi Division,Rawalpindi,,PAK:Rawalpindi; PAK:Islamabad Capital Territory,hand mapping outside the lineage (OUTSIDE)
punjab,Punjab > British Territory > Rawalpindi Division,Attock,,PAK:Attock,hand mapping outside the lineage (OUTSIDE)
punjab,Punjab > British Territory > Rawalpindi Division,Mianwali,,PAK:Mianwali; PAK:Bhakkar,hand mapping outside the lineage (OUTSIDE)
punjab,Punjab > British Territory > Multan Division,Montgomery,,PAK:Sahiwal; PAK:Okara; PAK:Pakpattan,hand mapping outside the lineage (OUTSIDE)
punjab,Punjab > British Territory > Multan Division,Lyallpur,,PAK:Faisalabad; PAK:Toba Tek Singh,hand mapping outside the lineage (OUTSIDE)
punjab,Punjab > British Territory > Multan Division,Jhang,,PAK:Jhang,hand mapping outside the lineage (OUTSIDE)
punjab,Punjab > British Territory > Multan Division,Multan,,PAK:Multan; PAK:Khanewal; PAK:Lodhran; PAK:Vihari,hand mapping outside the lineage (OUTSIDE)
punjab,Punjab > British Territory > Multan Division,Muzaffargarh,,PAK:Muzaffargarh; PAK:Layyah,hand mapping outside the lineage (OUTSIDE)
punjab,Punjab > British Territory > Multan Division,Dera Ghazi Khan,,PAK:Dera Ghazi Khan; PAK:Rajanpur,hand mapping outside the lineage (OUTSIDE)
punjab,Punjab > Punjab States > A.-Having political relations with the Punjab Government,Dujana,Dujana,,name match in province
punjab,Punjab > Punjab States > A.-Having political relations with the Punjab Government,Pataudi,Pataudi,,name match in province
punjab,Punjab > Punjab States > A.-Having political relations with the Punjab Government,Kalsia,Kalsia,,name match in province
punjab,Punjab > Punjab States > A.-Having political relations with the Punjab Government > Simla Hill States,Bashahr,Bashahr,,name match in province
punjab,Punjab > Punjab States > A.-Having political relations with the Punjab Government > Simla Hill States,Nalagarh,Nalagarh,,name match in province
punjab,Punjab > Punjab States > A.-Having political relations with the Punjab Government > Simla Hill States,Keonthal,Simla,,hand crosswalk (MANUAL)
punjab,Punjab > Punjab States > A.-Having political relations with the Punjab Government > Simla Hill States,Baghal,Simla,,hand crosswalk (MANUAL)
punjab,Punjab > Punjab States > A.-Having political relations with the Punjab Government > Simla Hill States,Jubbal,Jubbal,,name match in province
punjab,Punjab > Punjab States > A.-Having political relations with the Punjab Government > Simla Hill States,Other Simla Hill States,Simla,,hand crosswalk (MANUAL)
punjab,Punjab > Punjab States > B.-Having political relations with the Government of India,Loharu,Loharu,,name match in province
punjab,Punjab > Punjab States > B.-Having political relations with the Government of India,Sirmoor,Sirmoor,,name match in province
punjab,Punjab > Punjab States > B.-Having political relations with the Government of India,Bilaspur,Bilaspur|Punjab,,hand crosswalk (MANUAL)
punjab,Punjab > Punjab States > B.-Having political relations with the Government of India,Mandi,Mandi,,name match in province
punjab,Punjab > Punjab States > B.-Having political relations with the Government of India,Suket,Suket,,name match in province
punjab,Punjab > Punjab States > B.-Having political relations with the Government of India,Kapurthala,Kapurthala,,name match in province
punjab,Punjab > Punjab States > B.-Having political relations with the Government of India,Maler Kotla,Malerkotla,,hand crosswalk (MANUAL)
punjab,Punjab > Punjab States > B.-Having political relations with the Government of India,Faridkot,Faridkot,,name match in province
punjab,Punjab > Punjab States > B.-Having political relations with the Government of India,Chamba,Chamba,,name match in province
punjab,Punjab > Punjab States > B.-Having political relations with the Government of India > Phulkian States,Patiala,Patiala,,name match in province
punjab,Punjab > Punjab States > B.-Having political relations with the Government of India > Phulkian States,Jind,Jind,,name match in province
punjab,Punjab > Punjab States > B.-Having political relations with the Government of India > Phulkian States,Nabha,Nabha,,name match in province
punjab,Punjab > Punjab States > B.-Having political relations with the Government of India,Bahawalpur,,PAK:Bahawalpur; PAK:Bahawalnagar; PAK:Rahim Yar Khan,hand mapping outside the lineage (OUTSIDE)
rajputana,Rajputana Agency,Abu District,Abu,,hand crosswalk (MANUAL)
rajputana,Rajputana Agency,Alwar,Alwar,,name match in province
rajputana,Rajputana Agency,Banswara,Banswara,,name match in province
rajputana,Rajputana Agency,Bharatpur,Bharatpur,,name match in province
rajputana,Rajputana Agency,Bikaner,Bikaner,,name match in province
rajputana,Rajputana Agency,Bundi,Bundi,,name match in province
rajputana,Rajputana Agency,Dholpur,Dholpur,,name match in province
rajputana,Rajputana Agency,Dungarpur,Dungarpur,,name match in province
rajputana,Rajputana Agency,Jaipur,Jaipur,,name match in province
rajputana,Rajputana Agency,Jaisalmer,Jaisalmer,,name match in province
rajputana,Rajputana Agency,Jhalawar,Jhalawar,,name match in province
rajputana,Rajputana Agency,Karauli,Karauli,,name match in province
rajputana,Rajputana Agency,Kishangarh,Kishangarh,,name match in province
rajputana,Rajputana Agency,Kotah,Kotah,,name match in province
rajputana,Rajputana Agency,Kushalgarh (Chiefship),Kushalgarh (chiefship),,hand crosswalk (MANUAL)
rajputana,Rajputana Agency,Lawa (Estate),Lawa (estate),,hand crosswalk (MANUAL)
rajputana,Rajputana Agency,Marwar,Marwar,,name match in province
rajputana,Rajputana Agency,Mewar,Mewar,,name match in province
rajputana,Rajputana Agency,Partabgarh,Partabgarh|Rajputhana Agency,,hand crosswalk (MANUAL)
rajputana,Rajputana Agency,Shahpura,Shahpura,,name match in province
rajputana,Rajputana Agency,Sirohi,Sirohi,,name match in province
rajputana,Rajputana Agency,Tonk,Tonk,,name match in province
travancore,Travancore State > Administrative Division,Southern,Travancore,,hand crosswalk (MANUAL)
travancore,Travancore State > Administrative Division,Central,Travancore,,hand crosswalk (MANUAL)
travancore,Travancore State > Administrative Division,Northern,Travancore,,hand crosswalk (MANUAL)
travancore,Travancore State > Administrative Division,High Range,Travancore,,hand crosswalk (MANUAL)
up,United Provinces > British Territory > Agra Province > Meerut Division,Dehra Dun,Dehra Dun,,name match in province
up,United Provinces > British Territory > Agra Province > Meerut Division,Saharanpur,Saharanpur,,name match in province
up,United Provinces > British Territory > Agra Province > Meerut Division,Muzaffarnagar,Muzaffarnagar,,name match in province
up,United Provinces > British Territory > Agra Province > Meerut Division,Meerut,Meerut,,name match in province
up,United Provinces > British Territory > Agra Province > Meerut Division,Bulandshahr,Bulandshahr,,name match in province
up,United Provinces > British Territory > Agra Province > Agra Division,Aligarh,Aligarh,,name match in province
up,United Provinces > British Territory > Agra Province > Agra Division,Muttra,Muttra,,name match in province
up,United Provinces > British Territory > Agra Province > Agra Division,Agra,Agra,,name match in province
up,United Provinces > British Territory > Agra Province > Agra Division,Mainpuri,Mainpuri,,name match in province
up,United Provinces > British Territory > Agra Province > Agra Division,Etah,Etah,,name match in province
up,United Provinces > British Territory > Agra Province > Rohilkhand Division,Bareilly,Bareilly,,name match in province
up,United Provinces > British Territory > Agra Province > Rohilkhand Division,Bijnor,Bijnor,,name match in province
up,United Provinces > British Territory > Agra Province > Rohilkhand Division,Budaun,Budaun,,name match in province
up,United Provinces > British Territory > Agra Province > Rohilkhand Division,Moradabad,Moradabad,,name match in province
up,United Provinces > British Territory > Agra Province > Rohilkhand Division,Shahjahanpur,Shahajahanpur,,hand crosswalk (MANUAL)
up,United Provinces > British Territory > Agra Province > Rohilkhand Division,Pilibhit,Pilibhit,,name match in province
up,United Provinces > British Territory > Agra Province > Allahabad Division,Farrukhabad,Farrukhabad,,name match in province
up,United Provinces > British Territory > Agra Province > Allahabad Division,Etawah,Etawah,,name match in province
up,United Provinces > British Territory > Agra Province > Allahabad Division,Cawnpore,Cawnpore,,name match in province
up,United Provinces > British Territory > Agra Province > Allahabad Division,Fatehpur,Fatehpur,,name match in province
up,United Provinces > British Territory > Agra Province > Allahabad Division,Allahabad,Allahabad,,name match in province
up,United Provinces > British Territory > Agra Province > Jhansi Division,Jhansi,Jhansi,,name match in province
up,United Provinces > British Territory > Agra Province > Jhansi Division,Jalaun,Jalaun,,name match in province
up,United Provinces > British Territory > Agra Province > Jhansi Division,Hamirpur,Hamirpur|United Province of Agra and Oudh,,name match in province
up,United Provinces > British Territory > Agra Province > Jhansi Division,Banda,Banda,,name match in province
up,United Provinces > British Territory > Agra Province > Benares Division,Benares,Benares,,name match in province
up,United Provinces > British Territory > Agra Province > Benares Division,Mirzapur,Mirzapur,,name match in province
up,United Provinces > British Territory > Agra Province > Benares Division,Jaunpur,Jaunpur,,name match in province
up,United Provinces > British Territory > Agra Province > Benares Division,Ghazipur,Ghazipur,,name match in province
up,United Provinces > British Territory > Agra Province > Benares Division,Ballia,Ballia,,name match in province
up,United Provinces > British Territory > Agra Province > Gorakhpur Division,Gorakhpur,Gorakhpur,,name match in province
up,United Provinces > British Territory > Agra Province > Gorakhpur Division,Basti,Basti,,name match in province
up,United Provinces > British Territory > Agra Province > Gorakhpur Division,Azamgarh,Azamgarh,,name match in province
up,United Provinces > British Territory > Agra Province > Kumaun Division,Naini Tal,Nainital,,hand crosswalk (MANUAL)
up,United Provinces > British Territory > Agra Province > Kumaun Division,Almora,Almora,,name match in province
up,United Provinces > British Territory > Agra Province > Kumaun Division,Garhwal,Garhwal,,name match in province
up,United Provinces > British Territory > Oudh > Lucknow Division,Lucknow,Lucknow,,name match in province
up,United Provinces > British Territory > Oudh > Lucknow Division,Unao,Unao,,name match in province
up,United Provinces > British Territory > Oudh > Lucknow Division,Rae Bareli,Rae Bareli,,name match in province
up,United Provinces > British Territory > Oudh > Lucknow Division,Sitapur,Sitapur,,name match in province
up,United Provinces > British Territory > Oudh > Lucknow Division,Hardoi,Hardoi,,name match in province
up,United Provinces > British Territory > Oudh > Lucknow Division,Kheri,Kheri,,name match in province
up,United Provinces > British Territory > Oudh > Fyzabad Division,Fyzabad,Fyzabad,,name match in province
up,United Provinces > British Territory > Oudh > Fyzabad Division,Gonda,Gonda,,name match in province
up,United Provinces > British Territory > Oudh > Fyzabad Division,Bahraich,Bahraich,,name match in province
up,United Provinces > British Territory > Oudh > Fyzabad Division,Sultanpur,Sultanpur,,name match in province
up,United Provinces > British Territory > Oudh > Fyzabad Division,Partabgarh,Partabgarh|United Province of Agra and Oudh,,hand crosswalk (MANUAL)
up,United Provinces > British Territory > Oudh > Fyzabad Division,Bara Banki,Bara Banki,,name match in province
up,United Provinces > States,Rampur,Rampur,,name match in province
up,United Provinces > States,Tehri-Garhwal,Tehri Garhwal,,name match in province
up,United Provinces > States,Benares,Benares,,name match in province
wisa,Western India States Agency > A. Seventeen Salute States,Cutch,Cutch,,name match in province
wisa,Western India States Agency > A. Seventeen Salute States,Junagad,Junagadh,,hand crosswalk (MANUAL)
wisa,Western India States Agency > A. Seventeen Salute States,Nawanagar,Nawanagar,,name match in province
wisa,Western India States Agency > A. Seventeen Salute States,Bhavnagar,Bhavnagar,,name match in province
wisa,Western India States Agency > A. Seventeen Salute States,Porbandar,Porbandar,,name match in province
wisa,Western India States Agency > A. Seventeen Salute States,Dhrangadhra,Dhrangadhra,,name match in province
wisa,Western India States Agency > A. Seventeen Salute States,Palanpur,Palanpur,,name match in province
wisa,Western India States Agency > A. Seventeen Salute States,Radhanpur,Radhanpur,,name match in province
wisa,Western India States Agency > A. Seventeen Salute States,Morvi,Morvi,,name match in province
wisa,Western India States Agency > A. Seventeen Salute States,Gondal,Gondal,,name match in province
wisa,Western India States Agency > A. Seventeen Salute States,Jafrabad,Jafrabad,,name match in province
wisa,Western India States Agency > A. Seventeen Salute States,Wankaner,Wankaner,,name match in province
wisa,Western India States Agency > A. Seventeen Salute States,Palitana,Palitana,,name match in province
wisa,Western India States Agency > A. Seventeen Salute States,Dhrol,Dhrol,,name match in province
wisa,Western India States Agency > A. Seventeen Salute States,Limbdi,Eastern Kathiawar Agency,,hand crosswalk (MANUAL)
wisa,Western India States Agency > A. Seventeen Salute States,Rajkot,Rajkot,,name match in province
wisa,Western India States Agency > A. Seventeen Salute States,Wadhwan,Eastern Kathiawar Agency,,hand crosswalk (MANUAL)
wisa,Western India States Agency > B. Eastern Kathiawar Agency,Lakhtar,Eastern Kathiawar Agency,,hand crosswalk (MANUAL)
wisa,Western India States Agency > B. Eastern Kathiawar Agency,Sayla,Eastern Kathiawar Agency,,hand crosswalk (MANUAL)
wisa,Western India States Agency > B. Eastern Kathiawar Agency,Chuda,Eastern Kathiawar Agency,,hand crosswalk (MANUAL)
wisa,Western India States Agency > B. Eastern Kathiawar Agency,Vala,Eastern Kathiawar Agency,,hand crosswalk (MANUAL)
wisa,Western India States Agency > B. Eastern Kathiawar Agency,Lathi,Lathi,,name match in province
wisa,Western India States Agency > B. Eastern Kathiawar Agency,Muli,Eastern Kathiawar Agency,,hand crosswalk (MANUAL)
wisa,Western India States Agency > B. Eastern Kathiawar Agency,Bajana,Eastern Kathiawar Agency,,hand crosswalk (MANUAL)
wisa,Western India States Agency > B. Eastern Kathiawar Agency,Patdi,Eastern Kathiawar Agency,,hand crosswalk (MANUAL)
wisa,Western India States Agency > B. Eastern Kathiawar Agency,Wadhwan Civil Station,Eastern Kathiawar Agency,,hand crosswalk (MANUAL)
wisa,Western India States Agency > B. Eastern Kathiawar Agency,Rest of the Agency,Eastern Kathiawar Agency,,hand crosswalk (MANUAL)
wisa,Western India States Agency > C. Western Kathiawar Agency,Jasdan,Jasdan,,name match in province
wisa,Western India States Agency > C. Western Kathiawar Agency,Manavadar,Bantva,,hand crosswalk (MANUAL)
wisa,Western India States Agency > C. Western Kathiawar Agency,Thana Devli,Jetpur,,hand crosswalk (MANUAL)
wisa,Western India States Agency > C. Western Kathiawar Agency,Wadia,Jetpur,,hand crosswalk (MANUAL)
wisa,Western India States Agency > C. Western Kathiawar Agency,Virpur,Virpur,,name match in province
wisa,Western India States Agency > C. Western Kathiawar Agency,Malia,Malia,,name match in province
wisa,Western India States Agency > C. Western Kathiawar Agency,Kotda Sanghani,Kotda Sanghani,,name match in province
wisa,Western India States Agency > C. Western Kathiawar Agency,D. S. Vala Mulu Surang of Jetpur (Pithadia),Jetpur,,hand crosswalk (MANUAL)
wisa,Western India States Agency > C. Western Kathiawar Agency,D. S. Vala Rawat Ram of Jetpur (Bilkho),Jetpur,,hand crosswalk (MANUAL)
wisa,Western India States Agency > C. Western Kathiawar Agency,Khairasra,Khairasra,,name match in province
wisa,Western India States Agency > C. Western Kathiawar Agency,Rajkot Civil Station,Rajkot,,hand crosswalk (MANUAL)
wisa,Western India States Agency > C. Western Kathiawar Agency,Rest of the Agency,Bagasra; Jetpur,,hand crosswalk (MANUAL)
wisa,Western India States Agency > D. Banaskantha Agency,Tharad,Tharad,,name match in province
wisa,Western India States Agency > D. Banaskantha Agency,Wao,Wao,,name match in province
wisa,Western India States Agency > D. Banaskantha Agency,Malek Shri Joravarkhan's State (Varahi),Santalpur,,hand crosswalk (MANUAL)
wisa,Western India States Agency > D. Banaskantha Agency,Rest of the Agency,Deodar; Kankarej; Suigam; Wardhi,,hand crosswalk (MANUAL)
