volume,area,printed_population,sum_of_language_leaves,difference
aden,Aden,51478,51478,0
ajmer,Ajmer-Merwara,560292,560292,0
assam,ASSAM,9247857,9247941,84
assam,(1) British Territory,8622251,8622252,1
assam,Surma Valley and Hill Division,3708047,3708047,0
assam,Cachar,570531,570531,0
assam,Sylhet,2724342,2724342,0
assam,Khasi and Jaintia Hills (British),109926,109926,0
assam,Naga Hills,178844,178844,0
assam,Lushai Hills,124404,124404,0
assam,Assam Valley Division,4855711,4852342,-3369
assam,Goalpara,882748,882748,0
assam,Kamrup,976746,976743,-3
assam,Darrang,584817,584817,0
assam,Nowgong,562581,562581,0
assam,Sibsagar,933326,933326,0
assam,Lakhimpur,724582,724582,0
assam,Garo Hills,190911,190911,0
assam,Sadiya Frontier Tract,53345,53345,0
assam,Balipara Frontier Tract,5148,5148,0
assam,(2) Manipur State,445606,445606,0
assam,(3) Khasi States,180000,180000,0
baluchistan,Baluchistan,868617,868617,0
baroda,Baroda State,2443007,2442998,-9
baroda,Baroda City,112860,112860,0
baroda,Amreli Division,173948,173948,0
baroda,Baroda Division,711481,711476,-5
baroda,Mehsana Division,1010007,1010005,-2
baroda,Navsari Division,404377,404376,-1
baroda,Okhamandal,30334,30333,-1
bengal,All Districts and States,51087338,51087338,0
bengal,Burdwan District,1575699,1575699,0
bengal,Birbhum District,947554,947554,0
bengal,Bankura District,1111721,1111721,0
bengal,Midnapore District,2799093,2799093,0
bengal,Hooghly District,1114255,1114255,0
bengal,Howrah District,1098867,1098867,0
bengal,24-Parganas District,2713874,2713874,0
bengal,Calcutta,1196734,1196734,0
bengal,Nadia District,1529632,1529632,0
bengal,Murshidabad District,1370677,1370677,0
bengal,Jessore District,1671164,1671164,0
bengal,Khulna District,1626148,1626148,0
bengal,Rajshahi District,1429018,1429018,0
bengal,Dinajpur District,1755432,1755432,0
bengal,Jalpaiguri District,983357,983357,0
bengal,Darjeeling District,319635,319635,0
bengal,Rangpur District,2594785,2594785,0
bengal,Bogra District,1086419,1086419,0
bengal,Pabna District,1445654,1445654,0
bengal,Malda District,1053766,1053766,0
bengal,Dacca District,3432577,3432577,0
bengal,Mymensingh District,5130262,5130262,0
bengal,Faridpur District,2362215,2362215,0
bengal,Bakarganj District,2939050,2939050,0
bengal,Tippera District,3109735,3109735,0
bengal,Noakhali District,1706719,1706719,0
bengal,Chittagong District,1797038,1797038,0
bengal,Chittagong Hill Tracts District,212922,212922,0
bengal,Cooch Behar State,590886,590886,0
bengal,Tripura State,382450,382450,0
bengal,Sikkim,109808,109808,0
bihar_orissa,Bihar and Orissa,42329583,42329583,0
bihar_orissa,British Territory,37677576,37677576,0
bihar_orissa,Patna Division,6228425,6228425,0
bihar_orissa,Patna,1846474,1846474,0
bihar_orissa,Gaya,2388462,2388462,0
bihar_orissa,Shahabad,1993489,1993489,0
bihar_orissa,Tirhut Division,10739274,10739274,0
bihar_orissa,Saran,2486468,2486468,0
bihar_orissa,Champaran,2145687,2145687,0
bihar_orissa,Muzaffarpur,2941025,2941025,0
bihar_orissa,Darbhanga,3166094,3166094,0
bihar_orissa,Bhagalpur Division,8759801,8759801,0
bihar_orissa,Monghyr,2287154,2287154,0
bihar_orissa,Bhagalpur,2234632,2234632,0
bihar_orissa,Purnea,2186543,2186543,0
bihar_orissa,Santal Parganas,2051472,2051472,0
bihar_orissa,Orissa Division,5306142,5306142,0
bihar_orissa,Cuttack,2176707,2176707,0
bihar_orissa,Balasore,990600,990600,0
bihar_orissa,Angul,222736,222736,0
bihar_orissa,Puri,1035154,1035154,0
bihar_orissa,Sambalpur,880945,880945,0
bihar_orissa,Chota Nagpur Division,6643934,6643934,0
bihar_orissa,Hazaribagh,1517357,1517357,0
bihar_orissa,Ranchi,1567149,1567149,0
bihar_orissa,Palamau,818736,818736,0
bihar_orissa,Manbhum,1810890,1810890,0
bihar_orissa,Singhbhum,929802,929802,0
bihar_orissa,Feudatory States,4652007,4652007,0
bihar_orissa,Orissa States,4465385,4465385,0
bihar_orissa,Chota Nagpur States,186622,186622,0
bombay,Bombay Presidency including Bombay States and Agencies,26271784,26271784,0
bombay,British Districts,21803388,21803388,0
bombay,Bombay City,1161383,1161383,0
bombay,Northern Division,3984617,3984617,0
bombay,Ahmedabad,924033,924033,0
bombay,Broach,334170,334170,0
bombay,Kaira,741650,741650,0
bombay,Panch-Mahals,454526,454526,0
bombay,Surat,693613,693613,0
bombay,Thana,836625,836625,0
bombay,Central Division,7372637,7372637,0
bombay,Ahmednagar,988206,988206,0
bombay,Khandesh-East,1206035,1206035,0
bombay,Khandesh-West,771794,771794,0
bombay,Nasik,1000048,1000048,0
bombay,Poona,1169798,1169798,0
bombay,Satara,1179712,1179712,0
bombay,Sholapur,877520,877520,0
bombay,Bombay Suburban District,179524,179524,0
bombay,Southern Division,5397681,5397681,0
bombay,Belgaum,1076701,1076701,0
bombay,Bijapur,869220,869220,0
bombay,Dharwar,1102677,1102677,0
bombay,Kanara,417835,417835,0
bombay,Kolaba,628721,628721,0
bombay,Ratnagiri,1302527,1302527,0
bombay,Sind,3887070,3887070,0
bombay,Hyderabad,662924,662924,0
bombay,Karachi,650240,650240,0
bombay,Larkana,693735,693735,0
bombay,Nawabshah,496612,496612,0
bombay,Sukkur,623779,623779,0
bombay,Thar and Parkar,468040,468040,0
bombay,Upper Sind Frontier,291740,291740,0
bombay,Bombay States and Agencies,4468396,4468396,0
bombay,Cambay,87761,87761,0
bombay,Mahikantha Agency,518164,518164,0
bombay,(i) Idar,262660,262660,0
bombay,(ii) Rest of the Agency,255504,255470,-34
bombay,Rewakantha Agency,888086,888086,0
bombay,(i) Rajpipla,206114,206114,0
bombay,(ii) Chota-Udepur,144640,144640,0
bombay,(iii) Devgad-Baria,159429,159429,0
bombay,(iv) Lunawada,95162,95162,0
bombay,(v) Balasinor,52525,52525,0
bombay,(vi) Santh,83531,83531,0
bombay,(vii) Sankhed-Mewas,59139,59139,0
bombay,(viii) Rest of the Agency,87546,87546,0
bombay,Jawhar,57261,57261,0
bombay,Janjira,98296,98296,0
bombay,Bhor,141546,141546,0
bombay,Aundh,76507,76507,0
bombay,Phaltan,58761,58761,0
bombay,Akalkot,92605,92605,0
bombay,Sawantwadi,230589,230589,0
bombay,Kolhapur,957137,957137,0
bombay,Kurundwad (Senior),44204,44204,0
bombay,Kurundwad (Junior),39583,39583,0
bombay,Miraj (Senior),93938,93938,0
bombay,Miraj (Junior),40684,40684,0
bombay,Jamkhandi,114270,114270,0
bombay,Mudhol,62832,62832,0
bombay,Ramdurg,35454,35454,0
bombay,Sangli,258442,258442,0
bombay,Wadi-Jhagir,1704,1704,0
bombay,Jath,91099,91099,0
bombay,Bansda,48839,48839,0
bombay,Dharampur,112031,112031,0
bombay,Sachin,22107,22107,0
bombay,Dangs,33748,33748,0
bombay,Khairpur,227183,227183,0
bombay,Surgana,15245,15245,0
bombay,Savanur,20320,20320,0
burma,Provincial Total,14647497,14647497,0
burma,Divisional Burma,13102048,13102048,0
burma,Arakan Division,1008535,1008535,0
burma,Akyab,637580,637580,0
burma,Arakan Hill Tracts,21418,21418,0
burma,Kyaukpyu,220292,220292,0
burma,Sandoway,129245,129245,0
burma,Pegu Division,2549637,2549637,0
burma,Rangoon Town,400415,400415,0
burma,Pegu,489969,489969,0
burma,Tharrawaddy,508319,508319,0
burma,Hanthawaddy,408831,408831,0
burma,Insein,331452,331452,0
burma,Prome,410651,410651,0
burma,Bassein,571043,571043,0
burma,Henzada,613280,613280,0
burma,Myaungmya,444784,444784,0
burma,Maubin,371509,371509,0
burma,Pyapôn,334158,334158,0
burma,Tenasserim Division,1872668,1872668,0
burma,Salween,53186,53186,0
burma,Thatôn,532628,532628,0
burma,Amherst,516233,516233,0
burma,Tavoy,179964,179964,0
burma,Mergui,161987,161987,0
burma,Toungoo,428670,428670,0
burma,Magwe Division,1722044,1722044,0
burma,Thayetmyo,274177,274177,0
burma,Minbu,277876,277876,0
burma,Magwe,499573,499573,0
burma,Pakôkku,499181,499181,0
burma,Chin Hills,171237,171237,0
burma,Mandalay Division,1696332,1696332,0
burma,Mandalay,371636,371636,0
burma,Kyauksè,151320,151320,0
burma,Meiktila,309999,309999,0
burma,Myingyan,472557,472557,0
burma,Yamèthin,390820,390820,0
burma,Sagaing Division,1918058,1918058,0
burma,Bhamo,121193,121193,0
burma,Myitkyina,171524,171524,0
burma,Shwebo,446790,446790,0
burma,Sagaing,335965,335965,0
burma,Katha,254170,254170,0
burma,Lower Chindwin,383434,383434,0
burma,Upper Chindwin,204982,204982,0
burma,Eastern States,1545449,1545449,0
burma,Northern Shan States,616458,616458,0
burma,Southern Shan States,870230,870230,0
burma,Karenni,58761,58761,0
cia,Central India Agency,6632790,6530905,-101885
cia,British Pargana of Manpur,6852,6205,-647
cia,Indore,1318237,1312689,-5548
cia,Bhopal,729955,721564,-8391
cia,Khilchipur,45583,45540,-43
cia,Narsinghgarh,113873,110125,-3748
cia,Rajgarh,134891,132389,-2502
cia,Rest of Agency,27674,27673,-1
cia,Kurwai,22076,22075,-1
cia,Other States,5598,5598,0
cia,Dewas (Senior),83321,82143,-1178
cia,Dewas (Junior),70513,70419,-94
cia,Jaora,100166,100144,-22
cia,Ratlam,107321,107014,-307
cia,Sailana,35223,35199,-24
cia,Sitamau,28422,28408,-14
cia,Rest of Agency,14172,14172,0
cia,Ali-Rajpur,101963,101983,20
cia,Barwani,141110,140869,-241
cia,Dhar,243430,242046,-1384
cia,Jhabua,145522,145508,-14
cia,Rest of Agency,38631,38535,-96
cia,Jobat,20152,20053,-99
cia,Other States,18479,18482,3
cia,Ajaigarh,85895,85897,2
cia,Baoni,19132,9241,-9891
cia,Bijawar,115852,115855,3
cia,Charkhari,120351,120351,0
cia,Chhatarpur,161267,161204,-63
cia,Datia,158834,158834,0
cia,Orchha,314661,314655,-6
cia,Panna,212130,212148,18
cia,Samthar,33307,33307,0
cia,Rest of Agency,67586,67588,2
cia,Baraundha,16071,16067,-4
cia,Maihar,68991,68992,1
cia,Nagod,74589,74559,-30
cia,Rewa,1587445,1585544,-1901
cia,Rest of Agency,92160,51967,-40193
cia,Kothi,21424,21308,-116
cia,Sohawal,42192,42179,-13
cia,Other States,28544,28536,-8
cia,Khaniadhana (Gwalior Residency),17670,17670,0
cochin,Cochin State,1205016,1205016,0
cp_berar,Central Provinces and Berar,17990937,17990937,0
cp_berar,C. P. British Districts and Berar,15507723,15507723,0
cp_berar,C. P. British Districts,12065885,12065885,0
cp_berar,Jubbulpore Division,2463466,2463504,38
cp_berar,Saugor,544589,544589,0
cp_berar,Damoh,305568,305568,0
cp_berar,Jubbulpore,773811,773811,0
cp_berar,Mandla,445766,445766,0
cp_berar,Seoni,393732,393787,55
cp_berar,Nerbudda Division,2254566,2254566,0
cp_berar,Narsinghpur,321481,321481,0
cp_berar,Hoshangabad,486630,486630,0
cp_berar,Nimar,466931,466931,0
cp_berar,Betul,406252,406252,0
cp_berar,Chhindwara,573272,573277,5
cp_berar,Nagpur Division,3602108,3602108,0
cp_berar,Wardha,516266,516266,0
cp_berar,Nagpur,940049,940069,20
cp_berar,Chanda,759695,759695,0
cp_berar,Bhandara,824496,826249,1753
cp_berar,Balaghat,561602,562410,808
cp_berar,Chhattisgarh Division,3745745,3745745,0
cp_berar,Raipur,1527573,1527573,0
cp_berar,Bilaspur,1400248,1400248,0
cp_berar,Drug,817924,817924,0
cp_berar,Berar,3441838,3441838,0
cp_berar,Amraoti,941604,941604,0
cp_berar,Akola,876362,876362,0
cp_berar,Buldana,766584,766584,0
cp_berar,Yeotmal,857288,857288,0
cp_berar,Central Provinces States,2483214,2483214,0
cp_berar,Makrai,15516,15516,0
cp_berar,Bastar,524721,524721,0
cp_berar,Kanker,136101,136101,0
cp_berar,Nandgaon,182380,182380,0
cp_berar,Khairagarh,157400,157400,0
cp_berar,Chhuikhadan,31668,31668,0
cp_berar,Kawardha,72820,72820,0
cp_berar,Sakti,48489,48489,0
cp_berar,Raigarh,277569,277569,0
cp_berar,Sarangarh,128967,128967,0
cp_berar,Changbhakar,23322,23322,0
cp_berar,Korea,90886,90886,0
cp_berar,Surguja,501939,501939,0
cp_berar,Udaipur,97738,97738,0
cp_berar,Jashpur,193698,193698,0
gwalior,Tonwarghar,369648,1477,-368171
gwalior,Narwar,401586,401581,-5
gwalior,Isagarh,421311,421311,0
gwalior,Bhilsa,235288,235288,0
gwalior,Ujjain,405961,31943,-374018
gwalior,Mandsaur,272166,41243,-230923
gwalior,Shajapur,336980,332191,-4789
gwalior,Amjhera,160066,155636,-4430
hyderabad,Hyderabad State,14436148,14433148,-3000
hyderabad,Hyderabad City,466894,466894,0
hyderabad,Atraf-i-Balda,499661,499661,0
hyderabad,Warangal,1117693,1117693,0
hyderabad,Karimnagar,1241405,1241405,0
hyderabad,Adilabad,762030,762030,0
hyderabad,Medak,738665,738665,0
hyderabad,Nizamabad,623225,623225,0
hyderabad,Mahbubnagar,971616,971616,0
hyderabad,Nalgonda,1113409,1133380,19971
hyderabad,Aurangabad,944793,944793,0
hyderabad,Bir,633690,633690,0
hyderabad,Nander,722081,722081,0
hyderabad,Parbhani,853760,853760,0
hyderabad,Gulbarga,1225008,1225008,0
hyderabad,Osmanabad,691068,691068,0
hyderabad,Raichur,937535,937535,0
hyderabad,Bidar,873615,873615,0
jk,Jammu and Kashmir State,3646243,3646243,0
jk,Jammu Province,1788441,1788441,0
jk,Jammu District,375240,375240,0
jk,Kathua District,161232,161232,0
jk,Udhampur District,273668,273668,0
jk,Reasi District,235245,235245,0
jk,Mirpur District,344747,344746,-1
jk,Poonch Jagir,387384,387385,1
jk,Chenani Jagir,10925,10925,0
jk,Kashmir Province,1569218,1569218,0
jk,Kashmir South (including Municipality),771943,771943,0
jk,Kashmir North,559828,559828,0
jk,Muzaffarabad,237447,237447,0
jk,Frontier Districts,288584,288589,5
jk,Ladakh District,192138,192138,0
jk,Gilgit District,31902,31902,0
jk,Frontier Ilaqas,64544,64544,0
madras,Madras,47193602,47193602,0
madras,British Territory,46740107,46740107,0
madras,Ganjam,2411619,2411619,0
madras,Agency,358238,358238,0
madras,Plains,2053381,2053381,0
madras,Vizagapatam,3607948,3607948,0
madras,Agency,1164998,1164998,0
madras,Plains,2442950,2442950,0
madras,"Godavari, East",1920582,1920582,0
madras,Agency,240529,240529,0
madras,Plains,1680053,1680053,0
madras,"Godavari, West",1223056,1223056,0
madras,Kistna,1254208,1254208,0
madras,Guntur,2035660,2035660,0
madras,Nellore,1486222,1486222,0
madras,Cuddapah,949397,949397,0
madras,Kurnool,1024961,1024961,0
madras,Bellary,969774,969774,0
madras,Anantapur,1050411,1050411,0
madras,Madras,647230,647230,0
madras,Chingleput,1655115,1655115,0
madras,Chittoor,1447103,1447103,0
madras,North Arcot,2266989,2266989,0
madras,Salem,2433972,2433972,0
madras,Coimbatore,2445064,2445064,0
madras,South Arcot,2454507,2454507,0
madras,Tanjore,2385920,2385920,0
madras,Trichinopoly,1913245,1913245,0
madras,Madura,2195747,2195747,0
madras,Ramnad,1838955,1838955,0
madras,Tinnevelly,2046907,2046907,0
madras,Nilgiris,169330,169330,0
madras,Malabar,3533944,3533944,0
madras,South Kanara,1372241,1372241,0
madras,Madras States,453495,453495,0
madras,Pudukkottai,400694,400694,0
madras,Banganapalle,39218,39218,0
madras,Sandur,13583,13583,0
mysore,"MYSORE STATE, INCLUDING CIVIL AND MILITARY STATION, BANGALORE",6557302,6557302,0
mysore,"MYSORE STATE, EXCLUDING CIVIL AND MILITARY STATION, BANGALORE",6423189,6423189,0
mysore,Bangalore City,172357,172357,0
mysore,Bangalore District,908056,908056,0
mysore,Kolar Gold Fields (City),85103,85103,0
mysore,Kolar District,763934,763934,0
mysore,Tumkur District,861405,861405,0
mysore,Mysore City,107142,107142,0
mysore,Mysore District,1403984,1403984,0
mysore,Chitaldrug District,656569,656569,0
mysore,Hassan District,596937,596937,0
mysore,Kadur District,347715,347715,0
mysore,Shimoga District,519987,519987,0
mysore,"Civil and Military Station, Bangalore",134113,134113,0
nwfp,N.-W. F. Province,2471527,2471527,0
nwfp,Districts,2425076,2425076,0
nwfp,Hazara,70117,670117,600000
nwfp,Peshawar,974321,974321,0
nwfp,Kohat,236273,236273,0
nwfp,Bannu,270301,270301,0
nwfp,Dera Ismail Khan,274064,274064,0
nwfp,Trans-frontier posts,46451,46451,0
punjab,PUNJAB,28490857,28490857,0
punjab,BRITISH TERRITORY,23580852,23580852,0
punjab,AMBALA DIVISION,4077565,4077565,0
punjab,Hissar,899479,899479,0
punjab,Rohtak,805621,805621,0
punjab,Gurgaon,740163,740163,0
punjab,Karnal,852614,852614,0
punjab,Ambala,742902,742902,0
punjab,Simla,36786,36786,0
punjab,JULLUNDUR DIVISION,4606446,4606446,0
punjab,Kangra,801312,801318,6
punjab,Hoshiarpur,1032187,1032187,0
punjab,Jullundur,943721,943721,0
punjab,Ludhiana,672494,672494,0
punjab,Ferozepore,1156732,1156732,0
punjab,LAHORE DIVISION,5879075,5879075,0
punjab,Lahore,1378570,1378570,0
punjab,Amritsar,1117120,1117120,0
punjab,Gurdaspur,970898,970898,0
punjab,Sialkot,979617,979617,0
punjab,Gujranwala,736138,736138,0
punjab,Sheikhupura,696732,696732,0
punjab,RAWALPINDI DIVISION,3914849,3914849,0
punjab,Gujrat,922427,922427,0
punjab,Shahpur,821490,821490,0
punjab,Jhelum,541076,541076,0
punjab,Rawalpindi,634357,634357,0
punjab,Attock,583960,583960,0
punjab,Mianwali,411539,411539,0
punjab,MULTAN DIVISION,5102917,5102917,0
punjab,Montgomery,999772,999772,0
punjab,Lyallpur,1151351,1151351,0
punjab,Jhang,664833,664833,0
punjab,Multan,1174900,1174900,0
punjab,Muzaffargarh,591375,591375,0
punjab,Dera Ghazi Khan,520686,520686,0
punjab,PUNJAB STATES,4910005,4910005,0
punjab,A.-Having political relations with the Punjab Government,437787,437787,0
punjab,Dujana,28216,28216,0
punjab,Pataudi,18873,18873,0
punjab,Kalsia,59848,59848,0
punjab,SIMLA HILL STATES,330850,330850,0
punjab,Bashahr,104389,104389,0
punjab,Nalagarh,50015,50015,0
punjab,Keonthal,48093,48093,0
punjab,Baghal,26352,26352,0
punjab,Jubbal,27172,27172,0
punjab,Other Simla Hill States,74829,74829,0
punjab,B.-Having political relations with the Government of India,4472218,4472218,0
punjab,Loharu,23338,23338,0
punjab,Sirmoor,148568,148568,0
punjab,Bilaspur,100994,100994,0
punjab,Mandi,207465,207465,0
punjab,Suket,58408,58408,0
punjab,Kapurthala,316757,316757,0
punjab,Maler Kotla,83072,83072,0
punjab,Faridkot,164364,164364,0
punjab,Chamba,146870,146870,0
punjab,Patiala,1625520,1625520,0
punjab,Jind,324676,324676,0
punjab,Nabha,287574,287574,0
punjab,Bahawalpur,984612,984612,0
rajputana,RAJPUTANA,11225712,11225712,0
rajputana,Abu District,4532,4532,0
rajputana,Alwar,749751,749751,0
rajputana,Banswara,225106,225106,0
rajputana,Bharatpur,486954,486954,0
rajputana,Bikaner,936218,936218,0
rajputana,Bundi,216722,216722,0
rajputana,Dholpur,254986,254986,0
rajputana,Dungarpur,227544,227544,0
rajputana,Jaipur,2631775,2631775,0
rajputana,Jaisalmer,76255,76255,0
rajputana,Jhalawar,107890,107890,0
rajputana,Karauli,140525,140525,0
rajputana,Kishangarh,85744,85744,0
rajputana,Kotah,685804,685804,0
rajputana,Kushalgarh (Chiefship),35564,35564,0
rajputana,Lawa (Estate),2790,2790,0
rajputana,Marwar,2125982,2125982,0
rajputana,Mewar,1566910,1566910,0
rajputana,Partabgarh,76539,76539,0
rajputana,Shahpura,54233,54233,0
rajputana,Sirohi,216528,216528,0
rajputana,Tonk,317360,317360,0
travancore,State,5095973,5095973,0
travancore,Southern,1433956,1433956,0
travancore,Central,1861472,1861472,0
travancore,Northern,1695321,1695321,0
travancore,High Range,105224,105224,0
up,United Provinces,49614833,49614833,0
up,British Territory,48408763,48408763,0
up,Agra Province,35613784,35613784,0
up,Meerut Division,4907632,4907632,0
up,Dehra Dun,230247,230247,0
up,Saharanpur,1043920,1043920,0
up,Muzaffarnagar,894662,894662,0
up,Meerut,1601918,1601918,0
up,Bulandshahr,1136885,1136885,0
up,Agra Division,4498246,4498246,0
up,Aligarh,1171745,1171745,0
up,Muttra,668074,668074,0
up,Agra,1048316,1048316,0
up,Mainpuri,749633,749633,0
up,Etah,860478,860478,0
up,Rohilkhand Division,5556105,5556105,0
up,Bareilly,1072379,1072379,0
up,Bijnor,835469,835469,0
up,Budaun,1010180,1010180,0
up,Moradabad,1284108,1284108,0
up,Shahjahanpur,905131,905131,0
up,Pilibhit,448838,448838,0
up,Allahabad Division,5016352,5016352,0
up,Farrukhabad,877392,877392,0
up,Etawah,746005,746005,0
up,Cawnpore,1212253,1212253,0
up,Fatehpur,688789,688789,0
up,Allahabad,1491913,1491913,0
up,Jhansi Division,2244895,2244895,0
up,Jhansi,690413,690413,0
up,Jalaun,426022,426022,0
up,Hamirpur,502689,502689,0
up,Banda,625771,625771,0
up,Benares Division,4778919,4778919,0
up,Benares,1016378,1016378,0
up,Mirzapur,788409,788409,0
up,Jaunpur,1236071,1236071,0
up,Ghazipur,824971,824971,0
up,Ballia,913090,913090,0
up,Gorakhpur Division,7217162,7217162,0
up,Gorakhpur,3567561,3567561,0
up,Basti,2078024,2078024,0
up,Azamgarh,1571577,1571577,0
up,Kumaun Division,1394473,1394473,0
up,Naini Tal,277286,277286,0
up,Almora,583302,583302,0
up,Garhwal,533885,533885,0
up,Oudh,12794979,12794979,0
up,Lucknow Division,5856543,5856543,0
up,Lucknow,787472,787472,0
up,Unao,855700,855700,0
up,Rae Bareli,974127,974127,0
up,Sitapur,1167139,1167139,0
up,Hardoi,1127626,1127626,0
up,Kheri,944479,944479,0
up,Fyzabad Division,6938436,6938436,0
up,Fyzabad,1204789,1204789,0
up,Gonda,1576003,1576003,0
up,Bahraich,1136348,1136348,0
up,Sultanpur,1051284,1051284,0
up,Partabgarh,906233,906233,0
up,Bara Banki,1063779,1063779,0
up,States,1206070,1206070,0
up,Rampur,465225,465225,0
up,Tehri-Garhwal,349573,349573,0
up,Benares,391272,391272,0
wisa,Western India States Agency,3999250,3999250,0
wisa,A. Seventeen Salute States,3131498,3131498,0
wisa,Cutch,514307,514307,0
wisa,Junagad,545152,545152,0
wisa,Nawanagar,409192,409192,0
wisa,Bhavnagar,500274,500274,0
wisa,Porbandar,115673,115673,0
wisa,Dhrangadhra,88961,88961,0
wisa,Palanpur,264179,264179,0
wisa,Radhanpur,70530,70530,0
wisa,Morvi,113023,113023,0
wisa,Gondal,205846,205846,0
wisa,Jafrabad,12083,12083,0
wisa,Wankaner,44259,44259,0
wisa,Palitana,62150,62150,0
wisa,Dhrol,27639,27639,0
wisa,Limbdi,40088,40088,0
wisa,Rajkot,75540,75540,0
wisa,Wadhwan,42602,42602,0
wisa,B. Eastern Kathiawar Agency,282468,282468,0
wisa,Lakhtar,23754,23754,0
wisa,Sayla,15285,15285,0
wisa,Chuda,12915,12915,0
wisa,Vala,14062,14062,0
wisa,Lathi,9404,9404,0
wisa,Muli,17109,17109,0
wisa,Bajana,13481,13481,0
wisa,Patdi,2573,2573,0
wisa,Wadhwan Civil Station,13344,13344,0
wisa,Rest of the Agency,160541,160541,0
wisa,C. Western Kathiawar Agency,381731,381731,0
wisa,Jasdan,34053,34053,0
wisa,Manavadar,21733,21733,0
wisa,Thana Devli,16005,16005,0
wisa,Wadia,13722,13722,0
wisa,Virpur,8050,8050,0
wisa,Malia,12134,12134,0
wisa,Kotda Sanghani,10420,10420,0
wisa,D. S. Vala Mulu Surang of Jetpur (Pithadia),7830,7830,0
wisa,D. S. Vala Rawat Ram of Jetpur (Bilkho),16091,16091,0
wisa,Khairasra,4658,4658,0
wisa,Rajkot Civil Station,11627,11627,0
wisa,Rest of the Agency,225408,225408,0
wisa,D. Banaskantha Agency,203553,203553,0
wisa,Tharad,54311,54311,0
wisa,Wao,20721,20721,0
wisa,Malek Shri Joravarkhan's State (Varahi),3008,3008,0
wisa,Rest of the Agency,125513,125513,0
