language_as_printed,lang_path,vol1_entry,matched_by,kind,persons,volumes
Hindustani,Part A.—Vernaculars of India > (1) Vernaculars of the Province,HU,name,,49456327,up
Bengali,"A.—Languages of Bengal, Nepal and Sikkim",Bengali,name,,29461318,bengal
Hindustani (Hindi and Urdu),Indo-Aryan Languages,HU,name,,27921455,bihar_orissa
Tamil,A. Vernaculars of India > A-(i) Languages of the Presidency,Tamil,name,,18896718,madras
Telugu,A. Vernaculars of India > A-(i) Languages of the Presidency,Telugu,name,,17782898,madras
Bengali,"A.—Languages of Bengal, Nepal and Sikkim",Bengali,name,residual,17576212,bengal
Punjabi,Indian Vernaculars > Vernaculars of the Punjab,Panjabi,name,,14515090,punjab
Marathi,Group A. Indian Languages,Marathi,name,,11114924,bombay
A.-Burma Group,,Burma Group,name,,9862694,burma
Oriya,Indo-Aryan Languages,Oriya,name,,8535805,bihar_orissa
Lahnda or Western Punjabi,Indian Vernaculars > Vernaculars of the Punjab,Lahnda or Western Punjabi,name,,7378252,punjab
Telugu,A Vernaculars of India > Vernaculars of the State > Dravidian Family > Andhra group,Telugu,name,,6972534,hyderabad
Marwari,A. Vernaculars of India > (I). Vernaculars of Rajputana,Rajasthani,name,,5618885,rajputana
Hindustani,A-Vernaculars of India > Indo-European Family > Aryan Sub-Family > Western Hindi > Dialect included in Western Hindi,HU,name,,5601063,cp_berar
Marathi,A-Vernaculars of India > Indo-European Family > Aryan Sub-Family,Marathi,name,residual,5281059,cp_berar
Gujarati,Group A. Indian Languages,Gujarati,name,,4876737,bombay
Kannada,A. Vernaculars of India > Dravidian Family > Dravida Group,Kanarese,name,,4578801,mysore
Malayalam,A.—Vernaculars of India > (a) Vernaculars of the State > Dravidian Family > Dravida Group,Malayalam,name,,4260860,travancore
Hindustani,Indian Vernaculars > Vernaculars of the Punjab,HU,name,,3988023,punjab
Bengali,A.-Vernaculars of India (Vernaculars of Assam),Bengali,name,,3966363,assam
Marathi,A Vernaculars of India > Vernaculars of the State > Indo-European Family > Indo-Aryan Branch,Marathi,name,,3786838,hyderabad
Malayalam,A. Vernaculars of India > A-(i) Languages of the Presidency,Malayalam,name,,3727254,madras
Gujarati,Group A—Indian Languages,Gujarati,name,,3483786,wisa
Kanarese,Group A. Indian Languages,Kanarese,name,,3197383,bombay
Chhattisgarhi,A-Vernaculars of India > Indo-European Family > Aryan Sub-Family > Eastern Hindi > Dialect included in Eastern Hindi,Eastern Hindi,name,,3011124,cp_berar
Sindhi,Group A. Indian Languages,Sindhi,name,,2913338,bombay
Central Eastern Rajasthani,A. Vernaculars of India > (I). Vernaculars of Rajputana,Rajasthani,name,,2157974,rajputana
Gujarati (Standard),A—Languages of India > I—Indo-Aryan Branch > Central Group > Gujarati,Gujarati,name,,2119551,baroda
Assamese,A.-Vernaculars of India (Vernaculars of Assam),Assamese,name,,1994564,assam
Bengali,Indo-Aryan Languages,Bengali,name,,1937587,bihar_orissa
Oriya,A. Vernaculars of India > A-(i) Languages of the Presidency,Oriya,name,,1847449,madras
Western Hindi,A. Vernaculars of India > (I). Vernaculars of Rajputana,Western Hindi,name,,1721186,rajputana
Western Pahari,Indian Vernaculars > Vernaculars of the Punjab,Western Pahari,name,,1690676,punjab
Kanarese,A. Vernaculars of India > A-(i) Languages of the Presidency,Kanarese,name,,1685543,madras
Hindi,"A.—Languages of Bengal, Nepal and Sikkim > Hindustani",HU,name,,1634565,bengal
Santali,Munda Languages,"Kherwari (Santali, Mundari, Ho, etc.)",name,,1628957,bihar_orissa
Kanarese,A Vernaculars of India > Vernaculars of the State > Dravidian Family > Dravida group,Kanarese,name,,1620094,hyderabad
Other Languages,A. Vernaculars of India > A-(i) Languages of the Presidency,A. Vernaculars of India,group,,1612208,madras
Western Hindi,Group A. Indian Languages,Western Hindi,name,,1561406,bombay
Urdu (Western Hindi),A Vernaculars of India > Vernaculars of the State > Indo-European Family > Indo-Aryan Branch,HU,name,,1507272,hyderabad
Baghelkhandi,A. Vernaculars of India > (i) Vernaculars of Central India > Eastern Hindi,Eastern Hindi,name,,1429147,cia
Kashmiri,Languages of the State > Indo-European Family > Aryan Sub-Family > Dardic Branch > Dard Group > Kashmiri,Kashmiri,name,,1370673,jk
N.-Karen Group,,Karen Group,name,,1341066,burma
Bundelkhandi,A. Vernaculars of India > (i) Vernaculars of Central India > Western Hindi,Western Hindi,name,,1314109,cia
Pashto,A—Indian Vernaculars > A (1)—Vernaculars of the N.-W. F. P.,Pashto,name,,1290484,nwfp
Hindustani,A. Vernaculars of India > A-(i) Languages of the Presidency,HU,name,,1230313,madras
Malvi,A. Vernaculars of India > (i) Vernaculars of Central India > Rajasthani,Rajasthani,name,,1095197,cia
Malayalam,A. Vernaculars of India > Vernacular of the State,Malayalam,name,,1088081,cochin
X.-Indian Languages,,,not matched,,1079820,burma
Lahnda,A—Indian Vernaculars > A (1)—Vernaculars of the N.-W. F. P.,Lahnda or Western Punjabi,name,,1036657,nwfp
Telugu,A. Vernaculars of India > Dravidian Family > Andhra Language,Telugu,name,,1030926,mysore
I.-Tai (Shan) Group,,Tai Group,name,,1021917,burma
Total Gondi,A-Vernaculars of India > Dravidian family,Gondi,name,,882419,cp_berar
Tamil,A.—Vernaculars of India > (a) Vernaculars of the State > Dravidian Family > Dravida Group,Tamil,name,,788455,travancore
Santali,C.—Languages of Bihar and Orissa > Kherwari,"Kherwari (Santali, Mundari, Ho, etc.)",name,,764729,bengal
Eastern Hindi,A-Vernaculars of India > Indo-European Family > Aryan Sub-Family,Eastern Hindi,name,residual,759872,cp_berar
Urdu,A. Vernaculars of India > (i) Vernaculars of Central India > Western Hindi,HU,name,,737167,cia
Bhili,A. Vernaculars of India > (I). Vernaculars of Rajputana,Bhili,name,,719640,rajputana
Oraon (Kurukh),Dravidian Languages,Kurukh or Oraon,name,,656188,bihar_orissa
Rajasthani,Indian Vernaculars > Vernaculars of the Punjab,Rajasthani,name,,613444,punjab
Pahari,Languages of the State > Indo-European Family > Aryan Sub-Family > Inner Sub-Branch > Pahari Group > Western Pahari,Pahari (Unspecified),name,,595754,jk
Hindi,A. Vernaculars of India (outside Assam),HU,name,,589838,assam
Bhili,Group A. Indian Languages,Bhili,name,,579328,bombay
Dogri,Languages of the State > Indo-European Family > Aryan Sub-Family > Inner Sub-Branch > Central Group > Punjabi,Panjabi,group,,549917,jk
Hindi,A. Languages of India > (1) Languages Proper to State > Indo-European Family > Western Hindi,HU,name,,535978,gwalior
Ho,Munda Languages,"Kherwari (Santali, Mundari, Ho, etc.)",name,,526443,bihar_orissa
Mundari,Munda Languages,"Kherwari (Santali, Mundari, Ho, etc.)",name,,521891,bihar_orissa
North Eastern Rajasthani,A. Vernaculars of India > (I). Vernaculars of Rajputana,Rajasthani,name,,478941,rajputana
Kachchhi,Group A—Indian Languages,Sindhi,name,,412048,wisa
Hindustani,A. Vernaculars of India > Indo-European Family > Central Group,HU,name,,382876,mysore
Bhili,A. Vernaculars of India > (i) Vernaculars of Central India > Bhili (Bhil Dialects),Bhili,name,,375075,cia
Manipuri (Meithei),A. Vernaculars of India > Vernaculars of Assam,Kathe (Ponna) including Meithei (Manipuri),name,,368247,assam
Malvi,A. Vernaculars of India > (I). Vernaculars of Rajputana,Rajasthani,name,,350856,rajputana
Gondi,A. Vernaculars of India > (i) Vernaculars of Central India,Gondi,name,,345438,cia
C.-Kuki-Chin Group,,Kuki-Chin Group,name,,343854,burma
Western Hindi,A. Languages of India > (1) Languages Proper to State > Indo-European Family,Western Hindi,name,residual,337719,gwalior
Total Oriya,A-Vernaculars of India > Indo-European Family > Aryan Sub-Family,Oriya,name,,337304,cp_berar
Total Eastern Hindi,A-Vernaculars of India > Indo-European Family > Aryan Sub-Family,Eastern Hindi,name,,336761,cp_berar
Punjabi,(b) Languages of India > Indo-European Family > Aryan Sub-Family > Indo-Aryan Branch > Inner Sub-Branch > Central Group > Punjabi,Panjabi,name,,329201,jk
Gojari,Languages of the State > Indo-European Family > Aryan Sub-Family > Inner Sub-Branch > Central Group > Rajasthani,Rajasthani,group,,317762,jk
Tamil,A. Vernaculars of India > Dravidian Family > Dravida Group > Tamil,Tamil,name,,307462,mysore
K.-Mon Group,,Mon Group,name,,305294,burma
Rajasthani,Group A. Indian Languages,Rajasthani,name,,302939,bombay
Nimadi,A. Vernaculars of India > (i) Vernaculars of Central India > Rajasthani,Rajasthani,name,,299535,cia
Balochi,Group A. Indian Languages,Balochi,name,,293822,bombay
Rajasthani,A. Languages of India > (1) Languages Proper to State > Indo-European Family,Rajasthani,name,residual,284530,gwalior
"Bârâ, Bodo or Plains Kāchāri",A.-Vernaculars of India (Vernaculars of Assam),Bara Bodo or Plains Kachari,name,,282582,assam
Balochi,A. Vernaculars of India > I. Of Baluchistan > Eranian Branch > Eastern Group,Balochi,name,,266957,baluchistan
Urdu,"A.—Languages of Bengal, Nepal and Sikkim > Hindustani",HU,name,,255341,bengal
Siraiki or Jatki,Group A. Indian Languages,Lahnda or Western Punjabi,name,,254683,bombay
Khasi,A.-Vernaculars of India (Vernaculars of Assam),Khasi,name,,233872,assam
Gondi,A-Vernaculars of India > Dravidian family,Gondi,name,residual,227775,cp_berar
Ahirani or Khandeshi,Group A. Indian Languages,Khandesi,name,,222168,bombay
Marwari,A. Vernaculars of India > (i) Vernaculars of Rajputana > Rajasthani,Rajasthani,name,,217070,ajmer
Lambadi (Banjari),A Vernaculars of India > Vernaculars of the State > Indo-European Family > Indo-Aryan Branch,Rajasthani,name,,214617,hyderabad
Konkani,Group A. Indian Languages,Konkani,name,,214193,bombay
Central Eastern Rajasthani,A. Vernaculars of India > (i) Vernaculars of Rajputana > Rajasthani,Rajasthani,name,,209741,ajmer
Bhil Dialects,A. Vernaculars of India > (i) Vernaculars of Central India > Bhili (Bhil Dialects),Bhili,name,residual,208748,cia
Pashto,A. Vernaculars of India > I. Of Baluchistan > Eranian Branch > Eastern Group,Pashto,name,,207181,baluchistan
Oriya,A. Vernaculars of India (outside Assam),Oriya,name,,202737,assam
Western Hindi,A. Vernaculars of India > (i) Vernaculars of Central India > Western Hindi,Western Hindi,name,residual,200952,cia
Garo,A.-Vernaculars of India (Vernaculars of Assam),Garo,name,,192480,assam
Tipura,"A.—Languages of Bengal, Nepal and Sikkim",Tipura (Mrung),name,,191725,bengal
Kurukh (Oraon),C.—Languages of Bihar and Orissa,Kurukh or Oraon,name,,185797,bengal
R.-Chinese Group,,Chinese Group,name,,178316,burma
L.-Palaung-Wa Group,,Palaung-Wa Group,name,,176024,burma
Halbi,A-Vernaculars of India > Indo-European Family > Aryan Sub-Family > Marathi > Dialects included in Marathi,Marathi,name,,174681,cp_berar
Naipali (Khas-kura),"A.—Languages of Bengal, Nepal and Sikkim","Eastern Pahari, Khas-Kura or Naipali",name,,173013,bengal
Telugu,Group A. Indian Languages,Telugu,name,,162776,bombay
Korku,A-Vernaculars of India > Austric family > Austro-Asiatic sub-family > Munda branch,Korku,name,,161975,cp_berar
Oriya,C.—Languages of Bihar and Orissa,Oriya,name,,159854,bengal
Mundari,A. Vernaculars of India (outside Assam),"Kherwari (Santali, Mundari, Ho, etc.)",name,,159156,assam
E.-Kachin Group,,Kachin Group,name,,153897,burma
Mari,A-Vernaculars of India > Dravidian family > Gondi > Dialects included in Gondi,Gondi,group,,150837,cp_berar
Telugu,A-Vernaculars of India > Dravidian family,Telugu,name,,142430,cp_berar
Kurukh or Oraon (Dhangari),A-Vernaculars of India > Dravidian family,Kurukh or Oraon,name,,142323,cp_berar
Balti,Languages of the State > Tibeto Chinese Family > Tibeto-Burman Sub-Family > Tibeto Himalayan Branch > Tibetan Group > Bhotia,Bhotia of Baltistan or Balti,name,,137914,jk
Naipali (Khas-Kura),A. Vernaculars of India (outside Assam),"Eastern Pahari, Khas-Kura or Naipali",name,,136106,assam
Kandhi (Kui),Dravidian Languages,Kandhi or Kui,name,,133682,bihar_orissa
Total Marathi,A-Vernaculars of India > Indo-European Family > Aryan Sub-Family,Marathi,name,,132013,cp_berar
Marathi,A. Vernaculars of India > A-(i) Languages of the Presidency,Marathi,name,,130564,madras
Brahui,A. Vernaculars of India > I. Of Baluchistan > Dravidian Family > North-Western Language,Brahui,name,,127479,baluchistan
Malvi,A. Languages of India > (1) Languages Proper to State > Indo-European Family > Rajasthani,Rajasthani,name,,126634,gwalior
Mikir,A. Vernaculars of India > Vernaculars of Assam,Mikir,name,,126457,assam
Western Hindi,A. Vernaculars of India > (i) Vernaculars of Rajputana,Western Hindi,name,,122848,ajmer
Labhani or Banjari (Naiki),A-Vernaculars of India > Indo-European Family > Aryan Sub-Family > Rajasthani > Dialects included in Rajasthani,Rajasthani,name,,120354,cp_berar
Bhumij,Munda Languages,"Kherwari (Santali, Mundari, Ho, etc.)",name,,117356,bihar_orissa
Panjabi (includes Western Panjabi),A. Vernaculars of India > (II). Vernaculars of India foreign to Rajputana,Panjabi,name,,116261,rajputana
Hindustani,A. Vernaculars of India > (i) Vernaculars of Central India > Western Hindi,HU,name,,114616,cia
Kharia,Munda Languages,Kharia,name,,113680,bihar_orissa
Kachchhi,Group A. Indian Languages,Sindhi,name,,111665,bombay
Nimari (Gurvi),A-Vernaculars of India > Indo-European Family > Aryan Sub-Family > Rajasthani > Dialects included in Rajasthani,Rajasthani,name,,108743,cp_berar
Saurashtri,A. Vernaculars of India > A-(i) Languages of the Presidency,Gujarati,name,,104076,madras
Others,"A.—Languages of Bengal, Nepal and Sikkim",Others,name,,102248,bengal
Santali,A. Vernaculars of India (outside Assam),"Kherwari (Santali, Mundari, Ho, etc.)",name,,101949,assam
Jattki Sindhi,A. Vernaculars of India > I. Of Baluchistan > Outer Sub-Branch > North-Western Group > (ii) Sindhi-Branch,Sindhi,name,,97412,baluchistan
Marwari,A-Vernaculars of India > Indo-European Family > Aryan Sub-Family > Rajasthani > Dialects included in Rajasthani,Rajasthani,name,,95890,cp_berar
B.-Lolo-Muhso Group,,Lolo-Muhso Group,name,,93052,burma
Pashto,Indian Vernaculars > Vernaculars of the Punjab,Pashto,name,,92554,punjab
Marathi,A. Vernaculars of India > Indo-European Family > Southern Group,Marathi,name,,91322,mysore
Rajasthani,A. Vernaculars of India > (i) Vernaculars of Central India > Rajasthani,Rajasthani,name,residual,90244,cia
Chakma,"A.—Languages of Bengal, Nepal and Sikkim > Bengali",Bengali,group,,88688,bengal
Bundelkhandi,A. Languages of India > (1) Languages Proper to State > Indo-European Family > Western Hindi,Western Hindi,name,,87772,gwalior
Punjabi,A—Indian Vernaculars > A (2)—Other Indian Vernaculars,Panjabi,name,,86726,nwfp
Arakanese,D.—Languages of Burma,Burmese,name,,86554,bengal
Thareli or Dhatki,Group A. Indian Languages,Sindhi,name,,84743,bombay
Miri,A.-Vernaculars of India (Vernaculars of Assam),Abor,name,,80831,assam
Punjabi,Group A. Indian Languages,Panjabi,name,,79958,bombay
Brahui,Group A. Indian Languages,Brahui,name,,79561,bombay
Mundari,C.—Languages of Bihar and Orissa > Kherwari,"Kherwari (Santali, Mundari, Ho, etc.)",name,,79051,bengal
Western Hindi,A—Languages of India > I—Indo-Aryan Branch > Central Group,Western Hindi,name,,78188,baroda
Khichiwadi,A. Languages of India > (1) Languages Proper to State > Indo-European Family > Rajasthani,Rajasthani,group,,76567,gwalior
Gondi,A Vernaculars of India > Vernaculars of the State > Dravidian Family > Intermediate group,Gondi,name,,76087,hyderabad
Marwari,A.—Vernaculars of India > (ii) Vernaculars of India foreign to Central India > Rajasthani,Rajasthani,name,,75408,cia
Malto,Dravidian Languages,Malto,name,,67451,bihar_orissa
Western Hindi,Group A—Indian Languages,Western Hindi,name,,67116,wisa
Western Hindi,A Vernaculars of India > Other Vernaculars of India > Indo-European Family > Indo-Aryan Branch,Western Hindi,name,,66329,hyderabad
Tamil,A. Vernaculars of India > Vernaculars foreign to the State,Tamil,name,,66164,cochin
Shina,Languages of the State > Indo-European Family > Aryan Sub-Family > Dardic Branch > Dard Group > Shina,Shina,name,,63918,jk
Balochi,Indian Vernaculars > Vernaculars of the Punjab,Balochi,name,,60985,punjab
Gujarati,A.—Vernaculars of India > (ii) Vernaculars of India foreign to Central India > Gujarati,Gujarati,name,,60553,cia
Awadhi (including Purbi),A.—Vernaculars of India > (ii) Vernaculars of India foreign to Central India > Eastern Hindi,Eastern Hindi,name,,60119,cia
Gamtadi,A—Languages of India > I—Indo-Aryan Branch > Central Group > Gujarati > Bhil Dialects,Bhili,group,,59209,baroda
Lushei,A.-Vernaculars of India (Vernaculars of Assam),Lushei,name,,57597,assam
Banajari,A. Vernaculars of India > Indo-European Family > Central Group > Rajasthani,Rajasthani,name,,57415,mysore
Gujarati,A-Vernaculars of India > Indo-European Family > Aryan Sub-Family,Gujarati,name,,57311,cp_berar
Rajasthani,A Vernaculars of India > Other Vernaculars of India > Indo-European Family > Indo-Aryan Branch,Rajasthani,name,,56251,hyderabad
Marathi,A.—Vernaculars of India > (ii) Vernaculars of India foreign to Central India > Marathi,Marathi,name,,54450,cia
Kurukh or Oraon,A. Vernaculars of India (outside Assam),Kurukh or Oraon,name,,52516,assam
English,Group C. European Languages,English,name,,52250,bombay
Pothwari,(b) Languages of India > Indo-European Family > Aryan Sub-family > Indo-Aryan Branch > Outer Sub-Branch > North-Western Group > Lahnda,Lahnda or Western Punjabi,group,,51062,jk
Thado (Kuki),A. Vernaculars of India > Vernaculars of Assam,Thado,name,,50080,assam
Lambadi,A. Vernaculars of India > A-(i) Languages of the Presidency,Rajasthani,name,,49416,madras
Gondi,A. Vernaculars of India (outside Assam),Gondi,name,,49104,assam
English,G.—European languages,English,name,,48941,bengal
English,C. European Languages,English,name,,48544,ajmer assam cochin madras rajputana
Bhilali,A. Languages of India > (1) Languages Proper to State > Indo-European Family > Bhil Dialects,Bhili,group,,46180,gwalior
Bhatri,A-Vernaculars of India > Indo-European Family > Aryan Sub-Family > Oriya > Dialect included in Oriya,Oriya,name,,45847,cp_berar
Lasi,A. Vernaculars of India > I. Of Baluchistan > Outer Sub-Branch > North-Western Group > (ii) Sindhi-Branch,Sindhi,name,,45798,baluchistan
Tulu,A. Vernaculars of India > Dravidian Family > Dravida Group,Tulu,name,,45168,mysore
Lahnda (Chabhali),Languages of the State > Outer Sub-Branch > North Western Group > Sanskrit,Lahnda or Western Punjabi,name,,44460,jk
Angami (Naga),A.-Vernaculars of India (Vernaculars of Assam),Angami,name,,43666,assam
Murmi,"A.—Languages of Bengal, Nepal and Sikkim",Murmi,name,,42642,bengal
Ladakhi,Languages of the State > Tibeto Chinese Family > Tibeto-Burman Sub-Family > Tibeto Himalayan Branch > Tibetan Group > Bhotia,Bhotia of Ladakh or Ladakhi,name,,41418,jk
Korava or Yerukala,A. Vernaculars of India > A-(i) Languages of the Presidency,Tamil,name,,40845,madras
English,European Languages,English,name,,39224,bihar_orissa punjab
Garo,B.—Languages of Assam,Garo,name,,38192,bengal
Sema (Naga),A.-Vernaculars of India (Vernaculars of Assam),Sema,name,,38146,assam
Chodhari,A—Languages of India > I—Indo-Aryan Branch > Central Group > Gujarati > Bhil Dialects,Bhili,group,,37746,baroda
Marathi (Standard),A—Languages of India > I—Indo-Aryan Branch > Marathi (Southern Group),Marathi,name,,35532,baroda
F.-Sak (Lui) Group,,Sak (Lui) Group,name,,35237,burma
English,Part C.—European Languages,English,name,,34443,up
Banjari,A. Vernaculars of India > (i) Vernaculars of Central India > Rajasthani,Rajasthani,name,,33941,cia
Gujarati,A Vernaculars of India > Other Vernaculars of India > Indo-European Family > Indo-Aryan Branch,Gujarati,name,,33915,hyderabad
Arabic,Group B. (Asiatic Languages),Arabic,name,,33483,aden
Telegu,E.—Languages of other parts of India,Telugu,name,,33125,bengal
Ao (Naga),A.-Vernaculars of India (Vernaculars of Assam),Ao,name,,33117,assam
Bhili,A—Languages of India > I—Indo-Aryan Branch > Central Group > Gujarati > Bhil Dialects,Bhili,name,,32827,baroda
Erakala (Kaikadi),A Vernaculars of India > Vernaculars of the State > Dravidian Family > Dravida group,Tamil,name,,31974,hyderabad
Naipali,Part B.—Vernaculars of non-Indian Asiatic Countries,"Eastern Pahari, Khas-Kura or Naipali",name,,31067,up
Telugu,A. Vernaculars of India (outside Assam),Telugu,name,,30786,assam
Telugu,Dravidian Languages,Telugu,name,,29512,bihar_orissa
Tangkhul (Naga),A. Vernaculars of India > Vernaculars of Assam,Tangkhul,name,,29100,assam
Tamil,A Vernaculars of India > Other Vernaculars of India > Dravidian Family,Tamil,name,,29050,hyderabad
Bhili,A. Languages of India > (1) Languages Proper to State > Indo-European Family > Bhil Dialects,Bhili,name,,28951,gwalior
Kolami,A-Vernaculars of India > Dravidian family,Kolami,name,,28362,cp_berar
Gujrati,A. Languages of India > (2) Languages not proper to State > Indo-European Family > Gujrati,Gujarati,name,,27897,gwalior
Lahuli,Indian Vernaculars > Vernaculars of the Punjab,Tibeto-Himalayan Branch,name,,27335,punjab
Bhili,A-Vernaculars of India > Indo-European Family > Aryan Sub-Family,Bhili,name,residual,27257,cp_berar
Bengali,Part A.—Vernaculars of India > (2) Vernaculars foreign to the Province,Bengali,name,,27230,up
Panjabi,Part A.—Vernaculars of India > (2) Vernaculars foreign to the Province,Panjabi,name,,27105,up
Rabha,A.-Vernaculars of India (Vernaculars of Assam),Rabha,name,,27006,assam
English,Y.-European Languages,English,name,,26866,burma
Buroshaski,Unclassified Languages,Burushaski,name,,26076,jk
Kanauri,Indian Vernaculars > Vernaculars of the Punjab,Kanauri,name,,26067,punjab
Tamil,Group A. Indian Languages,Tamil,name,,26042,bombay
Limbu,"A.—Languages of Bengal, Nepal and Sikkim",Kiranti,name,,25503,bengal
Sondhi (Sondwari),A. Vernaculars of India > (i) Vernaculars of Central India > Rajasthani,Rajasthani,name,,23410,cia
Pashto,Group A. Indian Languages,Pashto,name,,23351,bombay
Lahnda or Western Punjabi,A. Vernaculars of India > II. Of other Parts of India > Aryan Sub-Family > (i) Outer Sub-Branch > North-Western Group,Lahnda or Western Punjabi,name,,23071,baluchistan
Rajasthani,Group A—Indian Languages,Rajasthani,name,,23022,wisa
Tulu,Group A. Indian Languages,Tulu,name,,22417,bombay
Konkani,A. Vernaculars of India > Vernaculars foreign to the State,Konkani,name,,22338,cochin
Dhodia,A—Languages of India > I—Indo-Aryan Branch > Central Group > Gujarati > Bhil Dialects,Bhili,group,,22210,baroda
Eastern Hindi,Group A. Indian Languages,Eastern Hindi,name,,22049,bombay
Kashmiri,Indian Vernaculars > Other Indian Vernaculars,Kashmiri,name,,21828,punjab
Hmar or Mhar,A. Vernaculars of India > Vernaculars of Assam,Mhar,name,,21583,assam
Rajasthani,A-Vernaculars of India > Indo-European Family > Aryan Sub-Family,Rajasthani,name,residual,21561,cp_berar
Marathi,A. Languages of India > (2) Languages not proper to State > Indo-European Family,Marathi,name,,20557,gwalior
Koda (Kora),C.—Languages of Bihar and Orissa > Kherwari,"Kherwari (Santali, Mundari, Ho, etc.)",name,,20439,bengal
Bhadarwahi,Languages of the State > Indo-European Family > Aryan Sub-Family > Inner Sub-Branch > Pahari Group > Western Pahari,Western Pahari,group,,20357,jk
Gujarati,A. Vernaculars of India > (II). Vernaculars of India foreign to Rajputana,Gujarati,name,,20064,rajputana
Meithei (Manipuri),B.—Languages of Assam,Kathe (Ponna) including Meithei (Manipuri),name,,19880,bengal
Marwari,E.—Languages of other parts of India > Rajsthani,Rajasthani,name,,19772,bengal
Hindi,A. Vernaculars of India > A-(ii) Non-Presidency Languages,HU,name,,19740,madras
Punjabi,A. Vernaculars of India > II. Of other Parts of India > Aryan Sub-Family > (iii) Inner Sub-Branch > Central Group,Panjabi,name,,19515,baluchistan
English,C. European Languages > Indo-European Family > Teutonic Group,English,name,,19194,baluchistan mysore
Other Languages,A.—Vernaculars of India > (ii) Vernaculars of India foreign to Central India,A. Vernaculars of India,group,,18923,cia
Kabui (Naga),A.-Vernaculars of India (Vernaculars of Assam),Kabui,name,,18475,assam
Lhota (Naga),A.-Vernaculars of India (Vernaculars of Assam),Lhota,name,,18254,assam
C. P. Dialects,A-Vernaculars of India > Indo-European Family > Aryan Sub-Family > Marathi > Dialects included in Marathi,Marathi,group,,18236,cp_berar
Khetrani,A. Vernaculars of India > I. Of Baluchistan > Outer Sub-Branch > North-Western Group > (i) Lahnda or Western Punjabi,Lahnda or Western Punjabi,group,,18232,baluchistan
Marwari,Indo-Aryan Languages,Rajasthani,name,,17883,bihar_orissa
Kachchhi,A—Languages of India > I—Indo-Aryan Branch > North West Group,Sindhi,name,,17679,baroda
Siraji,Languages of the State > Indo-European Family > Aryan Sub-Family > Dardic Branch > Dard Group > Kashmiri,Kashmiri,group,,17574,jk
Bhumij,A. Vernaculars of India (outside Assam),"Kherwari (Santali, Mundari, Ho, etc.)",name,,16797,assam
Memi (Mao) (Naga),A.-Vernaculars of India (Vernaculars of Assam),Memi (Mao),name,,16678,assam
(b) Hindustani,A. Vernaculars of India > II. Of other Parts of India > Aryan Sub-Family > (iii) Inner Sub-Branch > Central Group > Western Hindi,HU,name,,16628,baluchistan
Konkani,A. Vernaculars of India > Indo-European Family > Southern Group,Konkani,name,,16295,mysore
Rajasthani,A. Vernaculars of India (outside Assam),Rajasthani,name,,16245,assam
Ralte,A. Vernaculars of India > Vernaculars of Assam,Ralte,name,,16163,assam
Other Asiatic Languages,Group B. Asiatic Languages,B. Vernaculars of other Asiatic countries and Africa,name,,16054,bombay
Magari,"A.—Languages of Bengal, Nepal and Sikkim",Magari,name,,14997,bengal
Kharia,C.—Languages of Bihar and Orissa,Kharia,name,,14903,bengal
Dimasa or Hills Kachari,A.-Vernaculars of India (Vernaculars of Assam),Dimasa or Hills Kachari,name,,14680,assam
Paite,A. Vernaculars of India > Vernaculars of Assam,Paite,name,,14674,assam
Juang,Munda Languages,Juang,name,,14583,bihar_orissa
Panjabi,E.—Languages of other parts of India,Panjabi,name,,14563,bengal
Kharia,A. Vernaculars of India (outside Assam),Kharia,name,,14358,assam
Unspecified Chin or Poi,A.-Vernaculars of India (Vernaculars of Assam),Other or unspecified Chin Sub-Group,name,,14191,assam
H.-Mro Group,,Mro Group,name,,14094,burma
Urdu,A. Languages of India > (1) Languages Proper to State > Indo-European Family > Western Hindi,HU,name,,13934,gwalior
Abor,A.-Vernaculars of India (Vernaculars of Assam),Abor,name,,13880,assam
English,C European Languages > Teutonic group,English,name,,13819,hyderabad
Mewari,A.—Vernaculars of India > (ii) Vernaculars of India foreign to Central India > Rajasthani,Rajasthani,name,,13735,cia
Mahili,Munda Languages,"Kherwari (Santali, Mundari, Ho, etc.)",name,,13704,bihar_orissa
Sindhi,A. Vernaculars of India > (I). Vernaculars of Rajputana,Sindhi,name,,12840,rajputana
Urdu,A—Indian Vernaculars > A (2)—Other Indian Vernaculars,HU,name,,12651,nwfp
Kishtwari,Languages of the State > Indo-European Family > Aryan Sub-Family > Dardic Branch > Dard Group > Kashmiri,Kashmiri,group,,12577,jk
Korwa,Munda Languages,"Kherwari (Santali, Mundari, Ho, etc.)",name,,12434,bihar_orissa
Parji (Dhurwa),A-Vernaculars of India > Dravidian family > Gondi > Dialects included in Gondi,Gondi,group,,12363,cp_berar
Konkani,A.—Vernaculars of India > (b) Other Vernaculars of India > Indo-European Family > Indo-Aryan Branch,Konkani,name,,12175,travancore
Telugu,A. Vernaculars of India > Vernaculars foreign to the State,Telugu,name,,12142,cochin
Braj Bhasha,A.—Vernaculars of India > (ii) Vernaculars of India foreign to Central India > Western Hindi,Western Hindi,name,,12083,cia
Rajasthani (Marwari),Part A.—Vernaculars of India > (2) Vernaculars foreign to the Province,Rajasthani,name,,11945,up
Persian,Group B. Asiatic Languages,Persian,name,,11806,bombay
Malayalam,Group A. Indian Languages,Malayalam,name,,11723,bombay
Bhotia of Nepal (Shar-pa),"A.—Languages of Bengal, Nepal and Sikkim > Bhotia",Bhotia (Others),group,,11671,bengal
English,C—European languages,English,name,,11665,nwfp
Sindhi,Indian Vernaculars > Other Indian Vernaculars,Sindhi,name,,11581,punjab
Koshti,A-Vernaculars of India > Indo-European Family > Aryan Sub-Family > Marathi > Dialects included in Marathi,Marathi,name,,11555,cp_berar
English,C.-European languages,English,name,,11529,cp_berar
Rangpang (Naga),A.-Vernaculars of India (Vernaculars of Assam),Rangpang,name,,11072,assam
Bhotia of Sikkim (Da-njong-ka),"A.—Languages of Bengal, Nepal and Sikkim > Bhotia",Bhotia of Sikkim,name,,11063,bengal
Vasavi,A—Languages of India > I—Indo-Aryan Branch > Central Group > Gujarati > Bhil Dialects,Bhili,group,,11025,baroda
Other European Languages,Group C. European Languages,C. European languages,name,,10747,bombay
Nimadi,A. Languages of India > (1) Languages Proper to State > Indo-European Family > Rajasthani,Rajasthani,name,,10744,gwalior
Hindi,A. Vernaculars of India > (i) Vernaculars of Central India > Western Hindi,HU,name,,10441,cia
Nzemi or Zemi (Naga),A.-Vernaculars of India (Vernaculars of Assam),Other or unspecified Naga Languages,name,,10263,assam
Punjabi,A-Vernaculars of India > Indo-European Family > Aryan Sub-Family,Panjabi,name,,10130,cp_berar
Karmali,Munda Languages,"Kherwari (Santali, Mundari, Ho, etc.)",name,,10047,bihar_orissa
Nicobarese,A.—Vernaculars of India,Nicobarese,name,,9885,andaman
Telugu,A.—Vernaculars of India > (b) Other Vernaculars of India > Dravidian Family > Āndhra Language,Telugu,name,,9855,travancore
Gaddi,Languages of the State > Indo-European Family > Aryan Sub-Family > Inner Sub-Branch > Pahari Group > Western Pahari,Western Pahari,group,,9798,jk
Bhumij,C.—Languages of Bihar and Orissa > Kherwari,"Kherwari (Santali, Mundari, Ho, etc.)",name,,9758,bengal
Marwari,A. Languages of India > (2) Languages not proper to State > Indo-European Family > Rajasthani,Rajasthani,name,,9752,gwalior
Poguli,Languages of the State > Indo-European Family > Aryan Sub-Family > Dardic Branch > Dard Group > Kashmiri,Kashmiri,group,,9751,jk
Kora (Koda),Munda Languages,"Kherwari (Santali, Mundari, Ho, etc.)",name,,9739,bihar_orissa
Naipali (Gorkhali),A—Indian Vernaculars > A (2)—Other Indian Vernaculars,"Eastern Pahari, Khas-Kura or Naipali",name,,9731,nwfp
Korwa,A-Vernaculars of India > Austric family > Austro-Asiatic sub-family > Munda branch > Kherwari > Dialect included in Kherwari,"Kherwari (Santali, Mundari, Ho, etc.)",name,,9651,cp_berar
Bhili,A Vernaculars of India > Vernaculars of the State > Indo-European Family > Indo-Aryan Branch,Bhili,name,,9619,hyderabad
Konyak (Naga),A.-Vernaculars of India (Vernaculars of Assam),Konyak,name,,9478,assam
Newari,"A.—Languages of Bengal, Nepal and Sikkim",Newari,name,,9455,bengal
Other Languages,A. Vernaculars of India > A-(ii) Non-Presidency Languages,A. Vernaculars of India,group,,9431,madras
Savara,A. Vernaculars of India (outside Assam),Sawara,name,,9340,assam
Kharia,A-Vernaculars of India > Austric family > Austro-Asiatic sub-family > Munda branch,Kharia,name,,9076,cp_berar
Other Indian Languages,Group A. Indian Languages,A. Vernaculars of India,name,,9040,bombay
Rathi Dialect of Panjabi,A. Vernaculars of India > (I). Vernaculars of Rajputana,Panjabi,name,,9036,rajputana
Lalung,A.-Vernaculars of India (Vernaculars of Assam),Lalung,name,,9017,assam
"Bara (Bodo, Kachari, Mech)",B.—Languages of Assam,Bara Bodo or Plains Kachari,name,,8794,bengal
Gipsy Languages,A. Vernaculars of India > (I). Vernaculars of Rajputana,Gipsy Languages,name,,8766,rajputana
Punjabi,Indo-Aryan Languages,Panjabi,name,,8765,bihar_orissa
Gujarati,A. Vernaculars of India > A-(ii) Non-Presidency Languages,Gujarati,name,,8538,madras
Malayalam,A. Vernaculars of India > Dravidian Family > Dravida Group,Malayalam,name,,8513,mysore
Burmese,D.—Languages of Burma,Burmese,name,,8506,bengal
Koch,"A.—Languages of Bengal, Nepal and Sikkim",Koch,name,,8159,bengal
Sindhi,A. Vernaculars of India > II. Of other Parts of India > Aryan Sub-Family > (i) Outer Sub-Branch > North-Western Group,Sindhi,name,,8022,baluchistan
Eastern Pahari,Indian Vernaculars > Other Indian Vernaculars,"Eastern Pahari, Khas-Kura or Naipali",name,,8022,punjab
Kokni,A—Languages of India > I—Indo-Aryan Branch > Central Group > Gujarati > Bhil Dialects,Bhili,group,,7930,baroda
Mal Paharia,"A.—Languages of Bengal, Nepal and Sikkim > Bengali",Bengali,group,,7686,bengal
Naipali (Khas-Kura),Indo-Aryan Languages,"Eastern Pahari, Khas-Kura or Naipali",name,,7493,bihar_orissa
Turi,A. Vernaculars of India (outside Assam),"Kherwari (Santali, Mundari, Ho, etc.)",name,,7440,assam
Siraiki,A. Vernaculars of India > I. Of Baluchistan > Outer Sub-Branch > North-Western Group > (i) Lahnda or Western Punjabi,Lahnda or Western Punjabi,name,,7381,baluchistan
Kachha Naga,A.-Vernaculars of India (Vernaculars of Assam),Kachha Naga,name,,7282,assam
Golari or Holia,A-Vernaculars of India > Dravidian family > Kanarese > Dialect included in Kanarese,Kanarese,group,,7060,cp_berar
Purbi,A. Languages of India > (2) Languages not proper to State > Indo-European Family > Eastern Hindi,Eastern Hindi,name,,7058,gwalior
Marāthī,A.—Vernaculars of India > (b) Other Vernaculars of India > Indo-European Family > Indo-Aryan Branch,Marathi,name,,7054,travancore
Koya,A-Vernaculars of India > Dravidian family > Gondi > Dialects included in Gondi,Gondi,group,,7027,cp_berar
Chitrali,Languages of the State > Indo-European Family > Aryan Sub-Family > Dardic Branch > Khowar Group,"Khowar, Chitrali or Arniya",name,,6951,jk
Hindustani,A—Indian Vernaculars > A (2)—Other Indian Vernaculars,HU,name,,6918,nwfp
Hindi,A. Vernaculars of India > Indo-European Family > Mediate Group,HU,name,,6915,mysore
Korwa,A. Vernaculars of India (outside Assam),"Kherwari (Santali, Mundari, Ho, etc.)",name,,6825,assam
Pardhi,A Vernaculars of India > Vernaculars of the State > Indo-European Family > Indo-Aryan Branch,Indo-Aryan Branch,group,,6659,hyderabad
Total Tamil,A-Vernaculars of India > Dravidian family,Tamil,name,,6634,cp_berar
Gujrati,E.—Languages of other parts of India,Gujarati,name,,6594,bengal
Other Indo-Aryan Languages,Indo-Aryan Languages,Indo-Aryan Branch,name,,6483,bihar_orissa
Rajasthani (others.),Part A.—Vernaculars of India > (2) Vernaculars foreign to the Province,Rajasthani,name,,6475,up
Tipura,A.-Vernaculars of India (Vernaculars of Assam),Tipura (Mrung),name,,6404,assam
Persian,B—Vernaculars of other Asiatic countries and Africa,Persian,name,,6380,nwfp
J.-Malay Group,,Malay Group,name,,6368,burma
Gondi,Dravidian Languages,Gondi,name,,6270,bihar_orissa
Rengma (Naga),A.-Vernaculars of India (Vernaculars of Assam),Rengma (all branches),name,,6269,assam
Dardis-Tani,Languages of the State > Indo-European Family > Aryan Sub-Family > Dardic Branch > Kafir Group,Kafir Group,group,,6232,jk
Gujarati,Indo-Aryan Languages,Gujarati,name,,6204,bihar_orissa
Lakher,A.-Vernaculars of India (Vernaculars of Assam),Lakher,name,,6186,assam
Kandhi or Kui,A. Vernaculars of India (outside Assam),Kandhi or Kui,name,,6180,assam
Kuki unspecified,A. Vernaculars of India > Vernaculars of Assam,Other or unspecified Kuki Sub-Group,name,,6154,assam
Other languages of Aryan Sub-family,A-Vernaculars of India > Indo-European Family > Aryan Sub-Family,Aryan Sub-Family,group,,6035,cp_berar
Bengali,A-Vernaculars of India > Indo-European Family > Aryan Sub-Family,Bengali,name,,5907,cp_berar
Tamil,E.—Languages of other parts of India,Tamil,name,,5855,bengal
Sindhi,Group A—Indian Languages,Sindhi,name,,5833,wisa
Other Munda Languages,Munda Languages,Munda Branch,name,,5671,bihar_orissa
Rajasthani,A—Languages of India > I—Indo-Aryan Branch > Central Group,Rajasthani,name,residual,5533,baroda
Padari,Languages of the State > Indo-European Family > Aryan Sub-Family > Inner Sub-Branch > Pahari Group > Western Pahari,Western Pahari,group,,5425,jk
Arabic,Group B. Asiatic Languages,Arabic,name,,5363,bombay
Kezhama (Chizomi),A.-Vernaculars of India (Vernaculars of Assam),Kezhama,name,,5288,assam
Tibetan,Indian Vernaculars > Vernaculars of the Punjab,Bhotia of Tibet or Tibetan,name,,5272,punjab
Dehwari (Local Persian),A. Vernaculars of India > I. Of Baluchistan > Eranian Branch > Eastern Group,Persian,name,,5233,baluchistan
Marathi,A. Vernaculars of India > Vernaculars foreign to the State,Marathi,name,,5210,cochin
Persian,B. Vernaculars of other Asiatic Countries and Africa > Eranian Branch > Persian Group,Persian,name,,5020,baluchistan
Unclassed (Gipsy),Indian Vernaculars > Other Indian Vernaculars,Gipsy Languages,name,,4952,punjab
Western Hindi,Group A. (Indian Languages),Western Hindi,name,,4946,aden
Sondhi,A. Languages of India > (1) Languages Proper to State > Indo-European Family > Rajasthani,Rajasthani,group,,4896,gwalior
Chinese,F.—Languages of Asiatic countries outside India,Chinese Group,name,,4669,bengal
Eastern Pahari Khaskura or Naipali,A. Vernaculars of India > II. Of other Parts of India > Aryan Sub-Family > (iii) Inner Sub-Branch > Pahari Group,"Eastern Pahari, Khas-Kura or Naipali",name,,4653,baluchistan
Vaiphei (Kuki),A. Vernaculars of India > Vernaculars of Assam,Other or unspecified Kuki Sub-Group,name,,4624,assam
Hindi,A.—Vernaculars of India > Hindustani,HU,name,,4618,andaman
Panjabi,A Vernaculars of India > Other Vernaculars of India > Indo-European Family > Indo-Aryan Branch,Panjabi,name,,4560,hyderabad
Western Hindī,A.—Vernaculars of India > (b) Other Vernaculars of India > Indo-European Family > Indo-Aryan Branch,Western Hindi,name,,4552,travancore
Kanarese,A. Vernaculars of India > Vernaculars foreign to the State,Kanarese,name,,4493,cochin
Somali,Group D. (African Languages),Somali,name,,4438,aden
Western Hindi,A-Vernaculars of India > Indo-European Family > Aryan Sub-Family,Western Hindi,name,residual,4398,cp_berar
Sangtam (Naga),A.-Vernaculars of India (Vernaculars of Assam),Sangtam,name,,4362,assam
Marathi,A. Vernaculars of India (outside Assam),Marathi,name,,4317,assam
Chutiya,A.-Vernaculars of India (Vernaculars of Assam),Chutiya,name,,4315,assam
Bengali,Group A. Indian Languages,Bengali,name,,4315,bombay
Marathi,Part A.—Vernaculars of India > (2) Vernaculars foreign to the Province,Marathi,name,,4298,up
Maring,A. Vernaculars of India > Vernaculars of Assam,Maring,name,,4251,assam
Other languages of Dravidian family,A-Vernaculars of India > Dravidian family,Dravidian Family,group,,4235,cp_berar
D.-Naga Group,,Naga Group,name,,4201,burma
Hindi,A—Indian Vernaculars > A (2)—Other Indian Vernaculars,HU,name,,4173,nwfp
Naikdi,A—Languages of India > I—Indo-Aryan Branch > Central Group > Gujarati > Bhil Dialects,Bhili,group,,4130,baroda
Gujarati,Part A.—Vernaculars of India > (2) Vernaculars foreign to the Province,Gujarati,name,,4114,up
Pashto,E.—Languages of other parts of India,Pashto,name,,4084,bengal
Gipsy languages,A-Vernaculars of India > (iv) Unclassed languages,Gipsy Languages,name,,4059,cp_berar
Bhotia,Indian Vernaculars > Other Indian Vernaculars,Bhotia (Others),name,,4029,punjab
Persian,Vernaculars of other Asiatic Countries and Africa,Persian,name,,4000,punjab
Bhotia,Part B.—Vernaculars of non-Indian Asiatic Countries,Bhotia (Others),name,,4000,up
Zahao,A.-Vernaculars of India (Vernaculars of Assam),Other or unspecified Chin Sub-Group,name,,3886,assam
Khamti,A.-Vernaculars of India (Vernaculars of Assam),Khamti,name,,3858,assam
Mro,"A.—Languages of Bengal, Nepal and Sikkim",Mro (Mru),name,,3793,bengal
Kuki,B.—Languages of Assam,Other or unspecified Kuki Sub-Group,name,,3778,bengal
Asiatic Non-Indian and African Languages,B. Asiatic Non-Indian and African Languages,B. Vernaculars of other Asiatic countries and Africa,name,,3776,madras
Kurku,A. Vernaculars of India (outside Assam),Korku,name,,3742,assam
Koracha,A. Vernaculars of India > Dravidian Family > Dravida Group > Tamil,Tamil,group,,3704,mysore
Gipsy,Group A. Indian Languages,Gipsy Languages,name,,3653,bombay
Mewati,A.—Vernaculars of India > (ii) Vernaculars of India foreign to Central India > Rajasthani,Rajasthani,name,,3634,cia
Naga (unspecified),A.-Vernaculars of India (Vernaculars of Assam),Yang (unspecified),name,,3627,assam
Kanarese,A-Vernaculars of India > Dravidian family,Kanarese,name,residual,3627,cp_berar
Panjabi,A. Vernaculars of India (outside Assam),Panjabi,name,,3587,assam
English,C.—European languages,English,name,,3551,andaman cia
Punjabi,A.—Vernaculars of India > (ii) Vernaculars of India foreign to Central India > Punjabi,Panjabi,name,,3513,cia
Pardhi,A-Vernaculars of India > Indo-European Family > Aryan Sub-Family > Bhili > Dialect included in Bhili,Bhili,group,,3496,cp_berar
Arabic,B.—Vernaculars of Asiatic Countries other than India > Semitic Family,Arabic,name,,3458,travancore
Gujarathi,A. Vernaculars of India > Indo-European Family > Central Group > Gujarathi,Gujarati,name,,3430,mysore
Bhotia of Tibet (Tibetan),"A.—Languages of Bengal, Nepal and Sikkim > Bhotia",Bhotia of Tibet or Tibetan,name,,3393,bengal
Pashto,(b) Languages of India > Indo-European Family > Aryan Sub-Family > Eranian Branch > Eastern Group > Afghanistan—Balochistan Sub-Group,Pashto,name,,3354,jk
Others,Indian Vernaculars > Other Indian Vernaculars,Others,name,,3322,punjab
Anal (Kuki),A. Vernaculars of India > Vernaculars of Assam,Anal,name,,3314,assam
Malto,C.—Languages of Bihar and Orissa,Malto,name,,3304,bengal
Jaipuri,A. Languages of India > (2) Languages not proper to State > Indo-European Family > Rajasthani,Rajasthani,name,,3300,gwalior
Tamil,Dravidian Languages,Tamil,name,,3269,bihar_orissa
Tulu,A.—Vernaculars of India > (b) Other Vernaculars of India > Dravidian Family > Dravida Group,Tulu,name,,3196,travancore
Arabic,B Vernaculars of Asiatic Countries and Africa > Semitic Family,Arabic,name,,3172,hyderabad
Central Pahari,A. Vernaculars of India > II. Of other Parts of India > Aryan Sub-Family > (iii) Inner Sub-Branch > Pahari Group,Central Pahari,name,,3169,baluchistan
Hindi,(b) Languages of India > Indo-European Family > Aryan Sub-Family > Indo-Aryan Branch > Inner Sub-Branch > Central Group > Western Hindi,HU,name,,3071,jk
Kachin or Singpho,A.-Vernaculars of India (Vernaculars of Assam),Kachin,name,,3042,assam
Hindustani,A. Languages of India > (1) Languages Proper to State > Indo-European Family > Western Hindi,HU,name,,2970,gwalior
Others,D.—Languages of Burma,Others,name,,2935,bengal
Gurung,"A.—Languages of Bengal, Nepal and Sikkim",Gurung,name,,2831,bengal
Z.-Other Languages,,,not matched,,2821,burma
Banjari,A. Languages of India > (1) Languages Proper to State > Indo-European Family > Rajasthani,Rajasthani,name,,2794,gwalior
Marathi,E.—Languages of other parts of India,Marathi,name,residual,2787,bengal
Others,A—Indian Vernaculars > A (2)—Other Indian Vernaculars,Others,name,,2767,nwfp
Kaghani,Languages of the State > Indo-European Family > Aryan Sub-Family > Dardic Branch > Dard Group > Kohistani,Kohistani,group,,2766,jk
Others,A Vernaculars of India,Others,name,,2764,hyderabad
Assamese,B.—Languages of Assam,Assamese,name,,2750,bengal
Burmese,A.—Vernaculars of India,Burmese,name,,2745,andaman
Gujarati,A.—Vernaculars of India > (ii) Vernaculars of India foreign to Central India > Gujarati,Gujarati,name,residual,2739,cia
Tamil,A. Vernaculars of India > (ii) Vernaculars of India foreign to Central India,Tamil,name,,2695,cia
Marwari,A. Vernaculars of India > A-(ii) Non-Presidency Languages,Rajasthani,name,,2694,madras
Hebrew,Group B. (Asiatic Languages),Hebrew,name,,2671,aden
Bengali,Indian Vernaculars > Other Indian Vernaculars,Bengali,name,,2667,punjab
Kom (Kuki),A. Vernaculars of India > Vernaculars of Assam,Kom,name,,2662,assam
Total Group D,Group D. All other Languages and Languages not returned,,not matched,,2659,bombay
Others,A. Vernaculars of India > (II). Vernaculars of India foreign to Rajputana,Others,name,,2654,rajputana
Khoirao (Naga),A.-Vernaculars of India (Vernaculars of Assam),Other or unspecified Naga Languages,name,,2635,assam
Gujarati,Group A. (Indian Languages),Gujarati,name,,2618,aden
Maram (Naga),A.-Vernaculars of India (Vernaculars of Assam),Other or unspecified Naga Languages,name,,2609,assam
Turi,C.—Languages of Bihar and Orissa > Kherwari,"Kherwari (Santali, Mundari, Ho, etc.)",name,,2578,bengal
Lushei,B.—Languages of Assam,Lushei,name,,2578,bengal
Gujarati,Indian Vernaculars > Other Indian Vernaculars,Gujarati,name,,2521,punjab
Korama,A. Vernaculars of India > Dravidian Family > Dravida Group > Tamil,Tamil,group,,2519,mysore
Oriya,A-Vernaculars of India > Indo-European Family > Aryan Sub-Family,Oriya,name,residual,2500,cp_berar
Hindi,A. Vernaculars of India > Vernaculars foreign to the State,HU,name,,2486,cochin
Jaipuri,A.—Vernaculars of India > (ii) Vernaculars of India foreign to Central India > Rajasthani,Rajasthani,name,,2459,cia
Gangte (Kuki),A. Vernaculars of India > Vernaculars of Assam,Other or unspecified Kuki Sub-Group,name,,2455,assam
Magari,A. Vernaculars of India (outside Assam),Magari,name,,2454,assam
Marathi,A. Vernaculars of India > (II). Vernaculars of India foreign to Rajputana,Marathi,name,,2433,rajputana
Bihari,A. Vernaculars of India > (II). Vernaculars of India foreign to Rajputana,Bihari,name,,2425,rajputana
Labhani,(b) Languages of India > Indo-European Family > Aryan Sub-Family > Indo-Aryan Branch > Inner Sub-Branch > Central Group > Rajasthani,Rajasthani,group,,2357,jk
Urdu,A.—Vernaculars of India > Hindustani,HU,name,,2311,andaman
Mishmi,A.-Vernaculars of India (Vernaculars of Assam),Mishmi,name,,2285,assam
Gujarātī,A.—Vernaculars of India > (b) Other Vernaculars of India > Indo-European Family > Indo-Aryan Branch,Gujarati,name,,2275,travancore
Other Languages,C. European Languages,C. European languages,group,,2251,madras
Kashmiri,A—Indian Vernaculars > A (1)—Vernaculars of the N.-W. F. P.,Kashmiri,name,,2249,nwfp
Panjabi,A.—Vernaculars of India,Panjabi,name,,2232,andaman
Punjabi,A. Languages of India > (2) Languages not proper to State > Indo-European Family > Punjabi,Panjabi,name,,2228,gwalior
Marwari,A. Vernaculars of India > Indo-European Family > Central Group > Rajasthani,Rajasthani,name,,2217,mysore
Liyengmai (Naga),A.-Vernaculars of India (Vernaculars of Assam),Other or unspecified Naga Languages,name,,2209,assam
Tamil,A. Vernaculars of India (outside Assam),Tamil,name,,2106,assam
Malayalam,A.—Vernaculars of India,Malayalam,name,,2073,andaman
Kotali,A—Languages of India > I—Indo-Aryan Branch > Central Group > Gujarati > Bhil Dialects,Bhili,group,,2065,baroda
Pashto,Part A.—Vernaculars of India > (2) Vernaculars foreign to the Province,Pashto,name,,2048,up
Gujarati,A. Vernaculars of India (outside Assam),Gujarati,name,,2035,assam
Persian,Group B—Asiatic Languages,Persian,name,,1986,wisa
Kanarese,A.—Vernaculars of India > (b) Other Vernaculars of India > Dravidian Family > Dravida Group,Kanarese,name,,1957,travancore
Hadauti,A. Languages of India > (2) Languages not proper to State > Indo-European Family > Rajasthani,Rajasthani,group,,1929,gwalior
Total Kherwari,A-Vernaculars of India > Austric family > Austro-Asiatic sub-family > Munda branch,"Kherwari (Santali, Mundari, Ho, etc.)",name,,1919,cp_berar
Rambani,Languages of the State > Indo-European Family > Aryan Sub-Family > Dardic Branch > Dard Group > Kashmiri,Kashmiri,group,,1919,jk
Shan,A.-Vernaculars of India (Vernaculars of Assam),Shan (unspecified),name,,1855,assam
Marathi,Group A—Indian Languages,Marathi,name,,1850,wisa
Others,,Others,name,,1844,assam
Hindustani,(b) Languages of India > Indo-European Family > Aryan Sub-Family > Indo-Aryan Branch > Inner Sub-Branch > Central Group > Western Hindi,HU,name,,1827,jk
Other languages,Part A.—Vernaculars of India > (2) Vernaculars foreign to the Province,,not matched,,1824,up
Others,F.—Languages of Asiatic countries outside India,Others,name,,1786,bengal
Kaikadi,A-Vernaculars of India > Dravidian family > Tamil > Dialect included in Tamil,Tamil,name,,1786,cp_berar
"Bhotia, other and unspecified","A.—Languages of Bengal, Nepal and Sikkim > Bhotia",Bhotia (Others),name,,1782,bengal
Ho,A. Vernaculars of India (outside Assam),"Kherwari (Santali, Mundari, Ho, etc.)",name,,1729,assam
Eastern Hindi,A. Vernaculars of India > (II). Vernaculars of India foreign to Rajputana,Eastern Hindi,name,,1715,rajputana
Shikwar,Languages of the State > Indo-European Family > Aryan Sub-Family > Dardic Branch > Dard Group > Shina,Shina,group,,1712,jk
Pashto,A. Vernaculars of India (outside Assam),Pashto,name,,1703,assam
Sarori,Languages of the State > Indo-European Family > Aryan Sub-Family > Inner Sub-Branch > Pahari Group > Western Pahari,Western Pahari,group,,1702,jk
Kholhang (Khotlang) (Kuki),A. Vernaculars of India > Vernaculars of Assam,Other or unspecified Kuki Sub-Group,name,,1697,assam
Jafiri (Jafarki),A. Vernaculars of India > I. Of Baluchistan > Outer Sub-Branch > North-Western Group > (i) Lahnda or Western Punjabi,Lahnda or Western Punjabi,group,,1670,baluchistan
Kherwari unspecified,C.—Languages of Bihar and Orissa > Kherwari,"Kherwari (Santali, Mundari, Ho, etc.)",name,,1660,bengal
Bhotia of Bhutan (Lho-ke),"A.—Languages of Bengal, Nepal and Sikkim > Bhotia",Bhotia of Bhutan or Lhoke,name,,1658,bengal
Dafla,A.-Vernaculars of India (Vernaculars of Assam),Dafla,name,,1644,assam
Gujarati,A. Vernaculars of India > (ii) Vernaculars of India foreign to Rajputana,Gujarati,name,,1626,ajmer
Rajasthani,A—Languages of India > I—Indo-Aryan Branch > Central Group,Rajasthani,name,,1609,baroda
Pashto,Other Languages of India,Pashto,name,,1579,bihar_orissa
Brukpa,Languages of the State > Indo-European Family > Aryan Sub-Family > Dardic Branch > Dard Group > Shina,Shina,group,,1554,jk
Arabic,F.—Languages of Asiatic countries outside India,Arabic,name,,1544,bengal
English,Group C. (European Languages),English,name,,1490,aden
Gipsy Languages,A. Vernaculars of India > (i) Vernaculars of Central India,Gipsy Languages,name,,1467,cia
Jatwari,A. Languages of India > (1) Languages Proper to State > Indo-European Family > Western Hindi,Western Hindi,group,,1425,gwalior
Oriya,A. Vernaculars of India > Indo-European Family > Eastern Group,Oriya,name,,1388,mysore
Koch,A.-Vernaculars of India (Vernaculars of Assam),Koch,name,,1370,assam
Mewari,A. Languages of India > (2) Languages not proper to State > Indo-European Family > Rajasthani,Rajasthani,name,,1353,gwalior
Tamil,A-Vernaculars of India > Dravidian family,Tamil,name,residual,1334,cp_berar
Urdu,(b) Languages of India > Indo-European Family > Aryan Sub-Family > Indo-Aryan Branch > Inner Sub-Branch > Central Group > Western Hindi,HU,name,,1319,jk
Chhattisgarhi,"A.—Languages of Bengal, Nepal and Sikkim > Hindustani",Eastern Hindi,name,,1283,bengal
Chiru,A. Vernaculars of India > Vernaculars of Assam,Chiru,name,,1269,assam
Khyang (Sho),D.—Languages of Burma,Khyang (Sho),name,,1265,bengal
Panjabi,A. Vernaculars of India > (ii) Vernaculars of India foreign to Rajputana,Panjabi,name,,1256,ajmer
Gujarati,A. Vernaculars of India > Vernaculars foreign to the State,Gujarati,name,,1253,cochin
Lamgang (Kuki),A. Vernaculars of India > Vernaculars of Assam,Other or unspecified Kuki Sub-Group,name,,1224,assam
English,C.—European Languages > Indo-European Family > Teutonic Group,English,name,,1199,travancore
Limbu,A. Vernaculars of India (outside Assam),Kiranti,name,,1176,assam
B.-Vernaculars of Asiatic Countries beyond India (All families),B.-Vernaculars of Asiatic Countries beyond India,B. Vernaculars of other Asiatic countries and Africa,name,,1173,cp_berar
Bengali,A.—Vernaculars of India,Bengali,name,,1171,andaman
Bhotia of Bhutan,A. Vernaculars of India (outside Assam),Bhotia of Bhutan or Lhoke,name,,1155,assam
Hrangkhol (Kuki),A. Vernaculars of India > Vernaculars of Assam,Other or unspecified Kuki Sub-Group,name,,1126,assam
Naipali (Gorkhali),(b) Languages of India > Indo-European Family > Aryan Sub-Family > Indo Aryan Branch > Inner Sub-Branch > Pahari Group > Western Pahari,"Eastern Pahari, Khas-Kura or Naipali",name,,1120,jk
Persian,F.—Languages of Asiatic countries outside India,Persian,name,,1116,bengal
Total Kanarese,A-Vernaculars of India > Dravidian family,Kanarese,name,,1086,cp_berar
Asuri,C.—Languages of Bihar and Orissa > Kherwari,"Kherwari (Santali, Mundari, Ho, etc.)",group,,1073,bengal
Other European Languages,Y.-European Languages,C. European languages,name,,1029,burma
Jatki,A. Vernaculars of India > I. Of Baluchistan > Outer Sub-Branch > North-Western Group > (iii) Unspecified,Lahnda or Western Punjabi,name,,1025,baluchistan
Western Hindi,A.—Vernaculars of India > (ii) Vernaculars of India foreign to Central India > Western Hindi,Western Hindi,name,residual,1013,cia
Marathi,Indian Vernaculars > Other Indian Vernaculars,Marathi,name,,973,punjab
Arabic,Group B—Asiatic Languages,Arabic,name,,968,wisa
Other Languages,Part C.—European Languages,,not matched,,958,up
Marathi,A. Vernaculars of India > (ii) Vernaculars of India foreign to Rajputana,Marathi,name,,949,ajmer
O.-Man Group,,Man Group,name,,947,burma
Tamil,Part A.—Vernaculars of India > (2) Vernaculars foreign to the Province,Tamil,name,,941,up
Sindhi,A—Languages of India > I—Indo-Aryan Branch > North West Group,Sindhi,name,,934,baroda
Mavchi,A—Languages of India > I—Indo-Aryan Branch > Central Group > Gujarati > Bhil Dialects,Bhili,group,,924,baroda
Panjabi,A—Languages of India > I—Indo-Aryan Branch > Central Group,Panjabi,name,,920,baroda
Sikarwari,A. Languages of India > (1) Languages Proper to State > Indo-European Family > Western Hindi,Western Hindi,group,,908,gwalior
Tonwarghari,A. Languages of India > (1) Languages Proper to State > Indo-European Family > Western Hindi,Western Hindi,group,,907,gwalior
Eastern Hindi,A. Vernaculars of India > (ii) Vernaculars of India foreign to Rajputana,Eastern Hindi,name,,855,ajmer
Phom (Naga),A.-Vernaculars of India (Vernaculars of Assam),Other or unspecified Naga Languages,name,,854,assam
Tamil,Indian Vernaculars > Other Indian Vernaculars,Tamil,name,,852,punjab
Telugu,A. Vernaculars of India > (ii) Vernaculars of India foreign to Central India,Telugu,name,,846,cia
Kolghi,A—Languages of India > I—Indo-Aryan Branch > Central Group > Gujarati > Bhil Dialects,Bhili,group,,820,baroda
Balochi,A. Vernaculars of India (outside Assam),Balochi,name,,799,assam
Bhotia of Tibet,B. Vernaculars of Asiatic Countries beyond India,Bhotia of Tibet or Tibetan,name,,790,assam
Marathi,A. Vernaculars of India > II. Of other Parts of India > Aryan Sub-Family > (i) Outer Sub-Branch > Southern Group,Marathi,name,,789,baluchistan
Sokte (Suhte including Kamhao),A. Vernaculars of India > Vernaculars of Assam,Sokte,name,,777,assam
Jattki or Jagdali,A. Vernaculars of India > I. Of Baluchistan > Outer Sub-Branch > North-Western Group > (iii) Unspecified,Lahnda or Western Punjabi,name,,775,baluchistan
Tamil,A.—Vernaculars of India,Tamil,name,,769,andaman
Other Dravidian Languages,Dravidian Languages,Dravidian Family,name,,765,bihar_orissa
Sourashtra,A. Vernaculars of India > Indo-European Family > Central Group > Gujarathi,Gujarati,name,,764,mysore
Gurung,A. Vernaculars of India (outside Assam),Gurung,name,,762,assam
Arabic,B. Vernaculars of other Asiatic Countries and Africa > Semitic Family,Arabic,name,,755,baluchistan mysore
Rajasthani,A. Languages of India > (2) Languages not proper to State > Indo-European Family,Rajasthani,name,residual,751,gwalior
Gujari,A. Languages of India > (2) Languages not proper to State > Indo-European Family > Rajasthani,Rajasthani,group,,750,gwalior
Tulu,A. Vernaculars of India > Vernaculars foreign to the State,Tulu,name,,731,cochin
Kachchhi,A. Vernaculars of India > Vernaculars foreign to the State,Sindhi,name,,714,cochin
Armenian,F.—Languages of Asiatic countries outside India,Armenian,name,,700,bengal
Gipsy Languages,Other Languages of India,Gipsy Languages,name,,687,bihar_orissa
Tharu,"A.—Languages of Bengal, Nepal and Sikkim > Hindustani",HU,group,,679,bengal
Arabic,Vernaculars of other Asiatic Countries and Africa,Arabic,name,,675,punjab
Banjwahi,Languages of the State > Indo-European Family > Aryan Sub-Family > Dardic Branch > Dard Group > Kashmiri,Kashmiri,group,,672,jk
North Eastern Rajasthani,A. Vernaculars of India > (i) Vernaculars of Rajputana > Rajasthani,Rajasthani,name,,649,ajmer
Hazara,(b) Languages of India > Indo-European Family > Aryan Sub-family > Indo-Aryan Branch > Outer Sub-Branch > North-Western Group > Lahnda,Lahnda or Western Punjabi,group,,649,jk
Telugu,Part A.—Vernaculars of India > (2) Vernaculars foreign to the Province,Telugu,name,,640,up
Sanskrit,A. Vernaculars of India > A-(ii) Non-Presidency Languages,Sanskrit,name,,620,madras
Beite (Kuki),A. Vernaculars of India > Vernaculars of Assam,Other or unspecified Kuki Sub-Group,name,,619,assam
Gujrati,A. Vernaculars of India > II. Of other Parts of India > Aryan Sub-Family > (iii) Inner Sub-Branch > Central Group,Gujarati,name,,618,baluchistan
Gujuri,A—Indian Vernaculars > A (1)—Vernaculars of the N.-W. F. P.,Rajasthani,name,,596,nwfp
Persian,Part B.—Vernaculars of non-Indian Asiatic Countries,Persian,name,,582,up
Kalyo-kengngu (Naga),A.-Vernaculars of India (Vernaculars of Assam),Other or unspecified Naga Languages,name,,580,assam
Wokhoi,Eranian Family > Eastern Group,Eastern Group,group,,574,jk
Kherwari,A-Vernaculars of India > Austric family > Austro-Asiatic sub-family > Munda branch,"Kherwari (Santali, Mundari, Ho, etc.)",name,residual,564,cp_berar
Barchi,A—Languages of India > I—Indo-Aryan Branch > Central Group > Gujarati > Bhil Dialects,Bhili,group,,558,baroda
Chinese,B. Vernaculars of Asiatic Countries beyond India,Chinese Group,name,,533,assam cochin
Rajasthani,A. Vernaculars of India > II. Of other Parts of India > Aryan Sub-Family > (iii) Inner Sub-Branch > Central Group,Rajasthani,name,,530,baluchistan
Kwoireng (Quoireng) (Naga),A.-Vernaculars of India (Vernaculars of Assam),Other or unspecified Naga Languages,name,,521,assam
Total Vernaculars of other Asiatic countries and Africa,B.—Vernaculars of other Asiatic countries and Africa,B. Vernaculars of other Asiatic countries and Africa,name,,513,cia
Aimol (Kuki),A. Vernaculars of India > Vernaculars of Assam,Aimol,name,,511,assam
English,Group C—European Languages,English,name,,507,wisa
Khasi,B.—Languages of Assam,Khasi,name,,501,bengal
Khelma (Sachip) (Kuki.),A. Vernaculars of India > Vernaculars of Assam,Other or unspecified Kuki Sub-Group,name,,497,assam
Other European Languages,European Languages,C. European languages,name,,485,bihar_orissa
Other European languages,C.-European languages,C. European languages,name,,485,cp_berar
Balochi,Group A—Indian Languages,Balochi,name,,484,wisa
Varli,A—Languages of India > I—Indo-Aryan Branch > Central Group > Gujarati > Bhil Dialects,Bhili,group,,483,baroda
Kathiawadi,A. Languages of India > (2) Languages not proper to State > Indo-European Family > Gujrati,Gujarati,group,,476,gwalior
Andamanese,A.—Vernaculars of India,Andamanese,name,,466,andaman
(a) Hindi,A. Vernaculars of India > II. Of other Parts of India > Aryan Sub-Family > (iii) Inner Sub-Branch > Central Group > Western Hindi,HU,name,,464,baluchistan
Other languages of the Munda branch,A-Vernaculars of India > Austric family > Austro-Asiatic sub-family > Munda branch,Munda Branch,group,,463,cp_berar
Central Pahari,Indian Vernaculars > Other Indian Vernaculars,Central Pahari,name,,454,punjab
Pashto,A.—Vernaculars of India,Pashto,name,,441,andaman
Coorgi,A. Vernaculars of India > Dravidian Family > Dravida Group,Kodagu or Coorgi,name,,440,mysore
Bengali,A. Vernaculars of India > (ii) Vernaculars of India foreign to Rajputana,Bengali,name,,435,ajmer
Telugu,A.—Vernaculars of India,Telugu,name,,435,andaman
Powadhi,(b) Languages of India > Indo-European Family > Aryan Sub-Family > Indo-Aryan Branch > Inner Sub-Branch > Central Group > Punjabi,Panjabi,group,,430,jk
Kathodi,A—Languages of India > I—Indo-Aryan Branch > Central Group > Gujarati > Bhil Dialects,Bhili,group,,428,baroda
Hebrew,Group B. Asiatic Languages,Hebrew,name,,428,bombay
Asiatic Languages foreign to India,,B. Vernaculars of other Asiatic countries and Africa,name,,425,bihar_orissa
Changsen (Kuki),A. Vernaculars of India > Vernaculars of Assam,Other or unspecified Kuki Sub-Group,name,,414,assam
Nagari,A. Vernaculars of India > Indo-European Family > Central Group > Gujarathi,Gujarati,group,,403,mysore
Others,Part A.—Vernaculars of India > (1) Vernaculars of the Province,Others,name,,399,up
Burgandi,A. Languages of India > (1) Languages Proper to State > Dravadian Family,,not matched,,392,gwalior
Kohistani,A—Indian Vernaculars > A (1)—Vernaculars of the N.-W. F. P.,Kohistani,name,,388,nwfp
Mewati,A. Languages of India > (2) Languages not proper to State > Indo-European Family > Rajasthani,Rajasthani,name,,363,gwalior
Telugu,A—Languages of India > V—Dravidian Family,Telugu,name,,362,baroda
Others,Indian Vernaculars > Vernaculars of the Punjab,Others,name,,360,punjab
Bengali,Group A. (Indian Languages),Bengali,name,,356,aden
Others,G.—European languages,Others,name,,353,bengal
Marathi,A.—Vernaculars of India,Marathi,name,,352,andaman
Bhadauri,A. Languages of India > (1) Languages Proper to State > Indo-European Family > Western Hindi,Western Hindi,group,,347,gwalior
Total Punjabi,A.—Vernaculars of India > (ii) Vernaculars of India foreign to Central India > Punjabi,Panjabi,name,,330,cia
Panjabi,Group A—Indian Languages,Panjabi,name,,327,wisa
Tamil,A. Vernaculars of India > (ii) Vernaculars of India foreign to Rajputana,Tamil,name,,315,ajmer
Others,B Vernaculars of Asiatic Countries and Africa,Others,name,,314,hyderabad
Gipsy Languages,A. Vernaculars of India > (i) Vernaculars of Rajputana,Gipsy Languages,name,,306,ajmer
Portuguese,C. European Languages > Indo-European Family > Romance Group,Romance Group,group,,306,mysore
Purum (Kuki),A. Vernaculars of India > Vernaculars of Assam,Other or unspecified Kuki Sub-Group,name,,305,assam
Malayalam,E.—Languages of other parts of India,Malayalam,name,,305,bengal
Hanzrek,Unclassified Languages,,not matched,,305,jk
Konkani,Group A—Indian Languages,Konkani,name,,301,wisa
English,Indo-European Family > Teutonic Group,English,name,,300,jk
Bambagi,Languages of the State > Indo-European Family > Aryan Sub-Family > Dardic Branch > Dard Group > Kohistani,Kohistani,group,,298,jk
Pashto,A. Vernaculars of India > (ii) Vernaculars of India foreign to Rajputana,Pashto,name,,289,ajmer
Gujrati,(b) Languages of India > Indo-European Family > Ayran Sub-Family > Indo Aryan Branch > Inner Sub-Branch > Central Group > Gujrati,Gujarati,name,,289,jk
Italian,G.—European languages,Italian,name,,286,bengal
Tamil,A. Languages of India > (2) Languages not proper to State > Dravadian Family,Tamil,name,,279,gwalior
Bihari,A-Vernaculars of India > Indo-European Family > Aryan Sub-Family,Bihari,name,,278,cp_berar
Panjabi,A. Vernaculars of India > Indo-European Family > Central Group,Panjabi,name,,275,mysore
Persian,B. Vernaculars of other Asiatic Countries and Africa > Indo-European Family > Persian Group,Persian,name,,275,mysore
Pashto,A—Languages of India > III—Eranian Branch,Pashto,name,,267,baroda
Hebrew,B. Vernaculars of Asiatic Countries beyond India,Hebrew,name,,266,cochin
Karen (unspecified),A.—Vernaculars of India,Karen (unspecified),name,,263,andaman
(a) Limbu,A. Vernaculars of India > II. Of other Parts of India > Tibeto-Himalayan Branch > Pronominalized Himalayan Group > Kiranti,Kiranti,name,,262,baluchistan
Kachchi (Sindhi),A. Vernaculars of India > Indo-European Family > North-Western Group,Sindhi,name,,258,mysore
Korwa,C.—Languages of Bihar and Orissa > Kherwari,"Kherwari (Santali, Mundari, Ho, etc.)",name,,255,bengal
Arabic,B. Languages of other Asiatic Countries > Semitic Family,Arabic,name,,255,gwalior
Kangri,(b) Languages of India > Indo-European Family > Aryan Sub-Family > Indo-Aryan Branch > Inner Sub-Branch > Central Group > Punjabi,Panjabi,group,,255,jk
Portuguese,C. European Languages,C. European languages,group,,252,ajmer cochin
Others,C European Languages,Others,name,,251,hyderabad
Chote (Kuki),A. Vernaculars of India > Vernaculars of Assam,Other or unspecified Kuki Sub-Group,name,,250,assam
Sindhi,A. Vernaculars of India > Indo-European Family > North-Western Group,Sindhi,name,,248,mysore
Sindhī,A.—Vernaculars of India > (b) Other Vernaculars of India > Indo-European Family > Indo-Aryan Branch,Sindhi,name,,247,travancore
Western Pahadi,A. Languages of India > (2) Languages not proper to State > Indo-European Family,Indo-European Family,group,,245,gwalior
Khilochi,Unclassified Languages,,not matched,,238,jk
Punjabi,A.—Vernaculars of India > (ii) Vernaculars of India foreign to Central India > Punjabi,Panjabi,name,residual,237,cia
Arabic,B. Vernaculars of Asiatic Countries beyond India,Arabic,name,,236,cochin
Sindhi,E.—Languages of other parts of India,Sindhi,name,residual,234,bengal
Other Languages,C.—European languages,C. European languages,group,,234,cia
Malvi,A. Vernaculars of India > (i) Vernaculars of Rajputana > Rajasthani,Rajasthani,name,,231,ajmer
Portuguese,Group C. (European Languages),C. European languages,group,,229,aden
French,G.—European languages,French,name,,229,bengal
(b) Rai or Jimdar,A. Vernaculars of India > II. Of other Parts of India > Tibeto-Himalayan Branch > Pronominalized Himalayan Group > Kiranti,Kiranti,group,,226,baluchistan
Marwari,(b) Languages of India > Indo-European Family > Aryan Sub-Family > Indo-Aryan Branch > Inner Sub-Branch > Central Group > Rajasthani,Rajasthani,name,,226,jk
Other languages,A.—Vernaculars of India,A. Vernaculars of India,group,,225,andaman
Pashtoo,A. Languages of India > (2) Languages not proper to State > Indo-European Family,Indo-European Family,group,,221,gwalior
Balochi,A—Languages of India > III—Eranian Branch,Balochi,name,,219,baroda
Marathi,E.—Languages of other parts of India,Marathi,name,,219,bengal
Kachchhi,E.—Languages of other parts of India > Sindhi,Sindhi,name,,218,bengal
Lahnda,Group A. Indian Languages,Lahnda or Western Punjabi,name,,212,bombay
Bengali,A. Vernaculars of India > Indo-European Family > Eastern Group,Bengali,name,,207,mysore
Konkani,Group A. (Indian Languages),Konkani,name,,205,aden
Marathi,Group A. (Indian Languages),Marathi,name,,203,aden
Ho,C.—Languages of Bihar and Orissa > Kherwari,"Kherwari (Santali, Mundari, Ho, etc.)",name,,203,bengal
Other Languages,Part B.—Vernaculars of non-Indian Asiatic Countries,,not matched,,203,up
Kashmiri,A. Vernaculars of India > II. Of other Parts of India > Aryan Sub-Family > Dard Group,Kashmiri,name,,201,baluchistan
English,B—Languages of other countries > II—Indo-European Family (European Group),English,name,,201,baroda
Chinese languages (other than Yunnanese),B.—Vernaculars of other Asiatic countries,Chinese Group,name,,199,andaman
Other European Languages,Group C—European Languages,C. European languages,name,,199,wisa
Total Rajasthani,A.—Vernaculars of India > (ii) Vernaculars of India foreign to Central India > Rajasthani,Rajasthani,name,,196,cia
Lhassi,Tibeto-Chinese Family > Tibeto-Burman Sub-Family > Tibeto-Himalayan Branch > Tibetan Group,Tibetan Group,group,,196,jk
Bengali,A—Languages of India > I—Indo-Aryan Branch > Eastern Group,Bengali,name,,193,baroda
Oriya,A.—Vernaculars of India,Oriya,name,,191,andaman
Persian,B. Languages of other Asiatic Countries > Indo-European Family,Persian,name,,190,gwalior
Italian,Group C. (European Languages),Italian,name,,189,aden
Gondi,A. Languages of India > (1) Languages Proper to State > Dravadian Family,Gondi,name,,189,gwalior
English,C. European Languages > Indo-European Family,English,name,,181,gwalior
Gurmukhi,(b) Languages of India > Indo-European Family > Aryan Sub-Family > Indo-Aryan Branch > Inner Sub-Branch > Central Group > Punjabi,Panjabi,group,,180,jk
Dumi,Tibeto-Burman Sub-Family > Eastern Sub-Group,Tibeto-Burman Sub-Family,group,,179,jk
Kanarese,A.—Vernaculars of India,Kanarese,name,,178,andaman
Punjabi,Group A. (Indian Languages),Panjabi,name,,177,aden
Kanarese,A—Languages of India > V—Dravidian Family,Kanarese,name,,177,baroda
Chambiali (Chameali),(b) Languages of India > Indo-European Family > Aryan Sub-Family > Indo Aryan Branch > Inner Sub-Branch > Pahari Group > Western Pahari,Western Pahari,group,,168,jk
Bengali,A.—Vernaculars of India > (b) Other Vernaculars of India > Indo-European Family > Indo-Aryan Branch,Bengali,name,,167,travancore
Chinese,Vernaculars of other Asiatic Countries and Africa,Chinese Group,name,,160,punjab
Kanarese,Part A.—Vernaculars of India > (2) Vernaculars foreign to the Province,Kanarese,name,,160,up
Naipali and Garhwali,A—Languages of India > I—Indo-Aryan Branch > Pahari Group,"Eastern Pahari, Khas-Kura or Naipali",name,,152,baroda
Pashto,Group A—Indian Languages,Pashto,name,,151,wisa
Tamil,A. Vernaculars of India > II. Of other Parts of India > Dravidian Family > Dravida Group,Tamil,name,,150,baluchistan
Badakhashi,Eranian Family > Persian Group,Persian Group,group,,150,jk
Persian,Indo-European Family > Erarian Group,Persian,name,,146,jk
Oraon,A.—Vernaculars of India,Kurukh or Oraon,name,,140,andaman
Gujarati,A.—Vernaculars of India,Gujarati,name,,139,andaman
Portuguese,G.—European languages,C. European languages,group,,138,bengal
Nagri,Languages of the State > Indo-European Family > Aryan Sub-Family > Dardic Branch > Dard Group > Shina,Shina,group,,136,jk
Ahirwadi,A. Languages of India > (2) Languages not proper to State > Indo-European Family > Western Hindi,Western Hindi,group,,135,gwalior
Tamil,A—Languages of India > V—Dravidian Family,Tamil,name,,133,baroda
Konkani,A—Languages of India > I—Indo-Aryan Branch > Marathi (Southern Group),Konkani,name,,132,baroda
Goanese,A—Languages of India > I—Indo-Aryan Branch > Marathi (Southern Group),Konkani,name,,131,baroda
Japanese,B.—Vernaculars of other Asiatic countries,Japanese,name,,129,andaman
French,C. European Languages > Indo-European Family > Romance Group,French,name,,127,mysore
Total Vernaculars of Asiatic and African Countries,B. Vernaculars of Asiatic and African Countries,B. Vernaculars of other Asiatic countries and Africa,name,,127,rajputana
Telugu,Indian Vernaculars > Other Indian Vernaculars,Telugu,name,,124,punjab
Khiwali,Unclassified Languages,,not matched,,122,jk
Other Asiatic Languages,Group B—Asiatic Languages,B. Vernaculars of other Asiatic countries and Africa,name,,120,wisa
Lorichini,A. Vernaculars of India > I. Of Baluchistan > Unclassed Language,A. Vernaculars of India,group,,117,baluchistan
Yachami (Yimsungr) (Naga),A.-Vernaculars of India (Vernaculars of Assam),Other or unspecified Naga Languages,name,,115,assam
Odki,A—Languages of India > VI—Gipsy Languages,,not matched,,115,baroda
Telugu,A. Vernaculars of India > (ii) Vernaculars of India foreign to Rajputana,Telugu,name,,114,ajmer
Language not returned,A.—Vernaculars of India > (b) Other Vernaculars of India > Indo-European Family > Indo-Aryan Branch,Others (Indian unspecified or Language not returned),name,,113,travancore
Malayalam,A—Languages of India > V—Dravidian Family,Malayalam,name,,112,baroda
Kanarese,E.—Languages of other parts of India,Kanarese,name,,109,bengal
Rathvi,A. Languages of India > (1) Languages Proper to State > Indo-European Family > Bhil Dialects,Bhili,group,,109,gwalior
Bengali,A. Languages of India > (2) Languages not proper to State > Indo-European Family,Bengali,name,,107,gwalior
Chillasi,Languages of the State > Indo-European Family > Aryan Sub-Family > Dardic Branch > Dard Group > Shina,Shina,group,,106,jk
Banjari,A—Languages of India > I—Indo-Aryan Branch > Central Group > Rajasthani,Rajasthani,name,,104,baroda
Mandeali,(b) Languages of India > Indo-European Family > Aryan Sub-Family > Indo Aryan Branch > Inner Sub-Branch > Pahari Group > Western Pahari,Western Pahari,group,,97,jk
Bazigari,Unclassified Languages,,not matched,,96,jk
Gaelic (Scotch),European Languages,Gaelic (Scotch),name,,95,punjab
Kankani,A. Vernaculars of India > II. Of other Parts of India > Aryan Sub-Family > (i) Outer Sub-Branch > Southern Group,Konkani,name,,93,baluchistan
Bengali,A. Vernaculars of India > II. Of other Parts of India > Aryan Sub-Family > (i) Outer Sub-Branch > Eastern Group,Bengali,name,,93,baluchistan
Others,B—Vernaculars of other Asiatic countries and Africa,Others,name,,92,nwfp
Brukshas,Languages of the State > Tibeto Chinese Family > Tibeto-Burman Sub-Family > Tibeto Himalayan Branch > Tibetan Group > Bhotia,Bhotia (Others),group,,91,jk
Marathi,A.—Vernaculars of India > (ii) Vernaculars of India foreign to Central India > Marathi,Marathi,name,residual,89,cia
Portuguese,C.—European Languages > Indo-European Family > Romance Group,Romance Group,group,,88,travancore
Other European Languages,C. European Languages,C. European languages,name,,87,rajputana
Arabic,B—Languages of other countries > III—Semitic Family,Arabic,name,,86,baroda
Yarkandi (Turkh),Mongolian Family > Urai-Alatic Group,Mongolian Family,group,,86,jk
Sindhi,A. Vernaculars of India > (i) Vernaculars of Rajputana,Sindhi,name,,85,ajmer
Nepali,A. Vernaculars of India > (ii) Vernaculars of India foreign to Rajputana,"Eastern Pahari, Khas-Kura or Naipali",name,,84,ajmer
Greek (Romaic),Group C. (European Languages),Greek (Romaic.),name,,83,aden
Sindhi,A.—Vernaculars of India,Sindhi,name,,83,andaman
French,European Languages,French,name,,82,punjab
Bengali,Group A—Indian Languages,Bengali,name,,82,wisa
Brijia,C.—Languages of Bihar and Orissa > Kherwari,"Kherwari (Santali, Mundari, Ho, etc.)",group,,79,bengal
Urdu,A. Vernaculars of India > Vernaculars foreign to the State,HU,name,,79,cochin
Rajasthani,A. Vernaculars of India > Indo-European Family > Central Group > Rajasthani,Rajasthani,name,,79,mysore
Goanese,E.—Languages of other parts of India > Marathi,Konkani,name,,78,bengal
Konkani,E.—Languages of other parts of India > Marathi,Konkani,name,,77,bengal
Telugu,Group A—Indian Languages,Telugu,name,,77,wisa
Punjābī,A.—Vernaculars of India > (b) Other Vernaculars of India > Indo-European Family > Indo-Aryan Branch,Panjabi,name,,76,travancore
Tamil,Group A—Indian Languages,Tamil,name,,76,wisa
Bihari,Part A.—Vernaculars of India > (2) Vernaculars foreign to the Province,Bihari,name,,74,up
Munda (unspecified),A.—Vernaculars of India,Munda (unspecified),name,,73,andaman
Japanese,Group B. (Asiatic Languages),Japanese,name,,72,aden
Khadia,Unclassified Languages,,not matched,,71,jk
Pashto,A. Vernaculars of India > Indo-European Family > Eastern Group,Pashto,name,,71,mysore
Miscellaneous Languages,Other Languages of India,,not matched,,70,bihar_orissa
Telegu,A. Languages of India > (2) Languages not proper to State > Dravadian Family,Telugu,name,,70,gwalior
Kandiali,Languages of the State > Indo-European Family > Aryan Sub-Family > Inner Sub-Branch > Central Group > Punjabi,Panjabi,group,,67,jk
Rajsthani,E.—Languages of other parts of India,Rajasthani,name,residual,66,bengal
Antarvedi,A. Languages of India > (2) Languages not proper to State > Indo-European Family > Western Hindi,Western Hindi,group,,66,gwalior
Bengali,(b) Languages of India > Indo-European Family > Ayran Sub-Family > Indo Aryan Branch > Outer Sub-Branch > Eastern Group,Bengali,name,,66,jk
Choldi,Unclassified Languages,,not matched,,66,jk
Gipsy,Group A—Indian Languages,Gipsy Languages,name,,66,wisa
Other Indian Languages,Group A—Indian Languages,A. Vernaculars of India,name,,65,wisa
Kashmiri,E.—Languages of other parts of India,Kashmiri,name,,63,bengal
Kohistani,Languages of the State > Indo-European Family > Aryan Sub-Family > Dardic Branch > Dard Group > Kohistani,Kohistani,name,,57,jk
Kanarese,Group A—Indian Languages,Kanarese,name,,57,wisa
Portuguese,C. European Languages > Indo-European Family > Romanic Group,Indo-European Family,group,,55,baluchistan
Pahari (unspecified),A. Vernaculars of India > II. Of other Parts of India > Aryan Sub-Family > (iii) Inner Sub-Branch > Pahari Group,Pahari (Unspecified),name,,54,baluchistan
Rajasthani,A. Languages of India > (2) Languages not proper to State > Indo-European Family > Rajasthani,Rajasthani,name,,54,gwalior
Singhalese,B.—Vernaculars of Asiatic Countries other than India > Indo-European Family > Indo-Aryan Branch,Sinhalese,name,,54,travancore
Thareli or Dhatki,Group A—Indian Languages,Sindhi,name,,54,wisa
Pahari (Unspecified),A. Vernaculars of India > (ii) Vernaculars of India foreign to Rajputana,Pahari (Unspecified),name,,53,ajmer
Nepali,A. Languages of India > (2) Languages not proper to State > Indo-European Family > Eastern Pahadi,"Eastern Pahari, Khas-Kura or Naipali",name,,53,gwalior
Rajasthani,A.—Vernaculars of India > (ii) Vernaculars of India foreign to Central India > Rajasthani,Rajasthani,name,residual,51,cia
Portuguese,European Languages,C. European languages,group,,51,punjab
Irish,European Languages,Irish,name,,51,punjab
Persian,Group B. (Asiatic Languages),Persian,name,,50,aden
Others,C—European languages,Others,name,,50,nwfp
Persian,A—Languages of India > III—Eranian Branch,Persian,name,,49,baroda
Italian,C. European Languages > Indo-European Family > Romance Group,Italian,name,,49,mysore
Central Pahari,A. Vernaculars of India > (ii) Vernaculars of India foreign to Rajputana,Central Pahari,name,,48,ajmer
German,Group C. (European Languages),German,name,,47,aden
Western Panjabi,A. Vernaculars of India > (ii) Vernaculars of India foreign to Rajputana,Lahnda or Western Punjabi,name,,46,ajmer
French,C. European Languages,French,name,,46,ajmer cochin
Other Dialects,A—Languages of India > I—Indo-Aryan Branch > Marathi (Southern Group),Marathi,group,,46,baroda
Sindhi,E.—Languages of other parts of India,Sindhi,name,,46,bengal
Sindhi,A. Languages of India > (2) Languages not proper to State > Indo-European Family > Sindhi,Sindhi,name,,43,gwalior
Pashto,Group A. (Indian Languages),Pashto,name,,42,aden
Telugu,A. Vernaculars of India > II. Of other Parts of India > Dravidian Family > Andhra Language,Telugu,name,,42,baluchistan
Bhotia,Languages of the State > Tibeto Chinese Family > Tibeto-Burman Sub-Family > Tibeto Himalayan Branch > Tibetan Group > Bhotia,Bhotia (Others),name,,42,jk
Flemish,European Languages,Flemish,name,,42,punjab
Bhili,Group A—Indian Languages,Bhili,name,,41,wisa
Chinese,B. Vernaculars of other Asiatic Countries and Africa > Chinese Branch > Chinese Group,Chinese Group,name,,40,baluchistan
Japanese,B—Languages of other countries > IV—Mongolian Family,Japanese,name,,40,baroda
Goali,(b) Languages of India > Indo-European Family > Aryan Sub-Family > Indo-Aryan Branch > Inner Sub-Branch > Central Group > Western Hindi,Western Hindi,group,,40,jk
Persian,B.—Vernaculars of Asiatic Countries other than India > Indo-European Family > Eranian Branch,Persian,name,,40,travancore
Spanish,Group C. (European Languages),Spanish,name,,39,aden
Eastern Hindi,A. Vernaculars of India > II. Of other Parts of India > Aryan Sub-Family > (ii) Mediate Sub-Branch > Mediate Group,Eastern Hindi,name,,39,baluchistan
Singhalese,B. Vernaculars of other Asiatic Countries and Africa > Indo-European Family > Southern Group,Sinhalese,name,,39,mysore
Hebrew,B.—Vernaculars of Asiatic Countries other than India > Semitic Family,Hebrew,name,,39,travancore
Sanwar,A. Vernaculars of India > II. Of other Parts of India > Tibeto-Himalayan Branch > Non-Pronominalized Himalayan Group,Non-Pronominalized Himalayan Group,group,,38,baluchistan
Khandeshi,A—Languages of India > I—Indo-Aryan Branch > Central Group,Khandesi,name,,38,baroda
Brij-Bhasha,A. Languages of India > (2) Languages not proper to State > Indo-European Family > Western Hindi,Western Hindi,group,,37,gwalior
Scotch,C. European Languages > Indo-European Family > Celtic Group,Gaelic (Scotch),name,,35,baluchistan
Newari,A. Vernaculars of India > Tibeto-Chinese Family > Non-pronominalised Himalayan Group,Newari,name,,35,mysore
German,C. European Languages > Indo-European Family > Teutonic Group,German,name,,34,baluchistan mysore
Khokhri,Unclassified Languages,,not matched,,34,jk
Others,Vernaculars of other Asiatic Countries and Africa,Others,name,,34,punjab
German,C.—European Languages > Indo-European Family > Teutonic Group,German,name,,34,travancore
Aka,A.-Vernaculars of India (Vernaculars of Assam),Aka,name,,33,assam
Yagisthani,(b) Languages of India > Indo-European Family > Aryan Sub-Family > Eranian Branch > Eastern Group > Afghanistan—Balochistan Sub-Group,Eastern Group,group,,33,jk
Chinese,Group B. (Asiatic Languages),Chinese Group,name,,32,aden
Bhil Dialects,A. Languages of India > (1) Languages Proper to State > Indo-European Family,Bhili,name,residual,31,gwalior
Gipsy Language (Ladar),A. Vernaculars of India > Unclassed Languages,Gipsy Languages,name,,31,mysore
German,European Languages,German,name,,30,punjab
Others,A. Vernaculars of India > (ii) Vernaculars of India foreign to Rajputana,Others,name,,29,ajmer
Balochi,A.—Vernaculars of India,Balochi,name,,29,andaman
Valvi,A—Languages of India > I—Indo-Aryan Branch > Central Group > Gujarati > Bhil Dialects,Bhili,group,,29,baroda
Kashmiri,A. Vernaculars of India > Indo-European Family > Dard Group,Kashmiri,name,,29,mysore
Kashmeri,A. Vernaculars of India > (ii) Vernaculars of India foreign to Rajputana,Kashmiri,name,,27,ajmer
Portuguese,B—Languages of other countries > II—Indo-European Family (European Group),,not matched,,27,baroda
Italian,European Languages,Italian,name,,26,punjab
Western Pahari,A. Vernaculars of India > II. Of other Parts of India > Aryan Sub-Family > (iii) Inner Sub-Branch > Pahari Group,Western Pahari,name,,25,baluchistan
Magari,A. Vernaculars of India > II. Of other Parts of India > Tibeto-Himalayan Branch > Non-Pronominalized Himalayan Group,Magari,name,,24,baluchistan
Gondi,E.—Languages of other parts of India,Gondi,name,,24,bengal
Sanskrit,A. Languages of India > (2) Languages not proper to State > Indo-European Family,Sanskrit,name,,24,gwalior
Gilgitti,Languages of the State > Indo-European Family > Aryan Sub-Family > Dardic Branch > Dard Group > Shina,Shina,group,,23,jk
Others,European Languages,Others,name,,23,punjab
Sanskrit,A.—Vernaculars of India > (b) Other Vernaculars of India > Indo-European Family > Indo-Aryan Branch,Sanskrit,name,,23,travancore
Spanish,C.—European Languages > Indo-European Family > Romance Group,Spanish,name,,22,travancore
Kanarese,Group A. (Indian Languages),Kanarese,name,,21,aden
Tibetan,A. Vernaculars of India > II. Of other Parts of India > Tibeto-Himalayan Branch > Tibetan Group,Bhotia of Tibet or Tibetan,name,,21,baluchistan
Irish,C. European Languages > Indo-European Family > Celtic Group,Irish,name,,21,baluchistan mysore
Bhili,A. Vernaculars of India > (i) Vernaculars of Rajputana,Bhili,name,,20,ajmer
Kachchhi,A. Languages of India > (2) Languages not proper to State > Indo-European Family > Sindhi,Sindhi,name,,19,gwalior
Tamil,Group A. (Indian Languages),Tamil,name,,18,aden
Persian,B. Vernaculars of Other Asiatic Countries and Africa,Persian,name,,18,ajmer
Lahnda,A—Languages of India > I—Indo-Aryan Branch > North West Group,Lahnda or Western Punjabi,name,,18,baroda
Pangwali,(b) Languages of India > Indo-European Family > Aryan Sub-Family > Indo Aryan Branch > Inner Sub-Branch > Pahari Group > Western Pahari,Western Pahari,group,,18,jk
Welsh,C. European Languages > Indo-European Family > Celtic Group,Welsh,name,,17,baluchistan mysore
Burmese,Group A. Indian Languages,Burmese,name,,17,bombay
Arabic,B. Vernaculars of Other Asiatic Countries and Africa,Arabic,name,,16,ajmer
Gurang,A. Vernaculars of India > II. Of other Parts of India > Tibeto-Himalayan Branch > Non-Pronominalized Himalayan Group,Non-Pronominalized Himalayan Group,group,,16,baluchistan
Chinese,B. Vernaculars of other Asiatic Countries and Africa > Tibeto-Chinese Family > Chinese Group,Chinese Group,name,,16,mysore
Afgani,(b) Languages of India > Indo-European Family > Aryan Sub-Family > Eranian Branch > Eastern Group > Afghanistan—Balochistan Sub-Group,Eastern Group,group,,15,jk
French,Group C. (European Languages),French,name,,14,aden
French,B—Languages of other countries > II—Indo-European Family (European Group),French,name,,14,baroda
Others,E.—Languages of other parts of India,Others,name,,14,bengal
Flemish,C.—European Languages > Indo-European Family > Teutonic Group,Flemish,name,,14,travancore
Total Group D,Group D—All other languages and languages not returned,,not matched,,14,wisa
Turkish,Group B. (Asiatic Languages),Turkish,name,,13,aden
Burmese,A—Languages of India > IV—Tibeto-Burman Family,Burmese,name,,13,baroda
Kota,E.—Languages of other parts of India,Kota,name,,13,bengal
Indian unspecified,A. Vernaculars of India > Vernaculars foreign to the State,Others (Indian unspecified or Language not returned),name,,13,cochin
Koli,(b) Languages of India > Indo-European Family > Ayran Sub-Family > Indo Aryan Branch > Outer Sub-Branch > Southern Group > Marathi,Marathi,group,,13,jk
Dutch,Group C. (European Languages),Dutch,name,,12,aden
Malayalam,A. Vernaculars of India > II. Of other Parts of India > Dravidian Family > Dravida Group,Malayalam,name,,12,baluchistan
Goanese,A. Vernaculars of India > Vernaculars foreign to the State,Konkani,name,,12,cochin
Marathi,(b) Languages of India > Indo-European Family > Ayran Sub-Family > Indo Aryan Branch > Outer Sub-Branch > Southern Group > Marathi,Marathi,name,,12,jk
Tibetan,Languages of the State > Tibeto Chinese Family > Tibeto-Burman Sub-Family > Tibeto Himalayan Branch > Tibetan Group > Bhotia,Bhotia of Tibet or Tibetan,name,,12,jk
Punchi,(b) Languages of India > Indo-European Family > Aryan Sub-family > Indo-Aryan Branch > Outer Sub-Branch > North-Western Group > Lahnda,Lahnda or Western Punjabi,group,,12,jk
Malayalam,Group A—Indian Languages,Malayalam,name,,12,wisa
French,Indo-European Family > Romance Group,French,name,,11,jk
Arabic,Semitic Family,Arabic,name,,11,jk
Lahnda,A. Vernaculars of India > Indo-European Family > North-Western Group,Lahnda or Western Punjabi,name,,11,mysore
Spanish,C. European Languages > Indo-European Family > Romance Group,Spanish,name,,11,mysore
Panchali (Bhili),A. Vernaculars of India > Indo-European Family > Central Group,Bhili,name,,11,mysore
Kanarese,A. Vernaculars of India > II. Of other Parts of India > Dravidian Family > Dravida Group,Kanarese,name,,10,baluchistan
Hebrew,B. Vernaculars of other Asiatic Countries and Africa > Semitic Family,Hebrew,name,,10,baluchistan mysore
Tamil,Languages of the State > Dravidian Family > Dravida Group,Tamil,name,,10,jk
Pahari (unspecified),A. Vernaculars of India > Indo-European Family > Pahari Group,Pahari (Unspecified),name,,10,mysore
French,C. European Languages > Indo-European Family > Romanic Group,French,name,,9,baluchistan
Danish,C. European Languages > Indo-European Family > Teutonic Group,Danish,name,,9,baluchistan mysore
Italian,C. European Languages,Italian,name,,9,cochin
Sindhi,(b) Languages of India > Indo-European Family > Ayran Sub-Family > Indo Aryan Branch > Outer Sub-Branch > North Western Group > Sindhi,Sindhi,name,,9,jk
Kanjoli,Unclassified Languages,,not matched,,9,jk
Telugu,Group A. (Indian Languages),Telugu,name,,8,aden
Chinese,B. Vernaculars of Other Asiatic Countries and Africa,Chinese Group,name,,8,ajmer
Assamese,A.—Vernaculars of India,Assamese,name,,8,andaman
Parsi,A. Vernaculars of India > Vernaculars foreign to the State,A. Vernaculars of India,group,,8,cochin
Others,A-Vernaculars of India > (iv) Unclassed languages,Others,name,,8,cp_berar
German,Indo-European Family > Teutonic Group,German,name,,8,jk
Burmese,Group A—Indian Languages,Burmese,name,,8,wisa
Hebrew,B. Vernaculars of Other Asiatic Countries and Africa,Hebrew,name,,7,ajmer
Others,C. European Languages,Others,name,,7,ajmer
Turkish,B. Vernaculars of other Asiatic Countries and Africa > Mongolian Family > Ural Altaic Group,Turkish,name,,7,baluchistan
Oriya,A—Languages of India > I—Indo-Aryan Branch > Eastern Group,Oriya,name,,7,baroda
Singhalese,B. Vernaculars of Asiatic Countries beyond India,Sinhalese,name,,7,cochin
Perne,Unclassified Languages,,not matched,,7,jk
Bashgali,Languages of the State > Indo-European Family > Aryan Sub-Family > Dardic Branch > Kafir Group,Bashgali,name,,7,jk
African,Vernaculars of other Asiatic Countries and Africa,B. Vernaculars of other Asiatic countries and Africa,group,,7,punjab
Italian,C.—European Languages > Indo-European Family > Romance Group,Italian,name,,7,travancore
Singhalese,Group B. (Asiatic Languages),Sinhalese,name,,6,aden
Sharpa Bhotia,A. Vernaculars of India > II. Of other Parts of India > Tibeto-Himalayan Branch > Tibetan Group,Tibetan Group,group,,6,baluchistan
Pendhari,A—Languages of India > VI—Gipsy Languages,,not matched,,6,baroda
Turkish,B—Languages of other countries > IV—Mongolian Family,Turkish,name,,6,baroda
Dutch,B—Languages of other countries > II—Indo-European Family (European Group),Dutch,name,,6,baroda
Bhatia,E.—Languages of other parts of India > Sindhi,Sindhi,group,,6,bengal
Spanish,C. European Languages,Spanish,name,,6,cochin
Telegu,Languages of the State > Dravidian Family > Andhra Group,Telugu,name,,6,jk
Bhuttani,(b) Languages of India > Indo-European Family > Aryan Sub-Family > Indo Aryan Branch > Inner Sub-Branch > Pahari Group > Western Pahari,Western Pahari,group,,6,jk
Balochi,A. Vernaculars of India > Indo-European Family > Eastern Group,Balochi,name,,6,mysore
Hebrew,B—Languages of other countries > III—Semitic Family,Hebrew,name,,5,baroda
Pasi,"A.—Languages of Bengal, Nepal and Sikkim > Hindustani",HU,group,,5,bengal
Italian,Indo-European Family > Romance Group,Italian,name,,5,jk
Japanese,B. Vernaculars of other Asiatic Countries and Africa > Mongolian Family > Japanese Group,Japanese,name,,5,mysore
Armenian,B. Vernaculars of other Asiatic Countries and Africa > Indo-European Family > Armenian Group,Armenian,name,,5,mysore
Sindhi,Group A. (Indian Languages),Sindhi,name,,4,aden
Pahari (unspecified),A.—Vernaculars of India,Pahari (Unspecified),name,,4,andaman
Basque,C. European Languages,Basque,name,,4,cochin
Kashmiri,A. Languages of India > (2) Languages not proper to State > Indo-European Family,Kashmiri,name,,4,gwalior
Balochi,(b) Languages of India > Indo-European Family > Aryan Sub-Family > Eranian Branch > Eastern Group > Afghanistan—Balochistan Sub-Group,Balochi,name,,4,jk
Javanese,Malayo-Polynesian Family > Malayan Group,Malayan Group,group,,4,jk
Pathani,(b) Languages of India > Indo-European Family > Aryan Sub-Family > Eranian Branch > Eastern Group > Afghanistan—Balochistan Sub-Group,Eastern Group,group,,4,jk
Astori,Languages of the State > Indo-European Family > Aryan Sub-Family > Dardic Branch > Dard Group > Shina,Shina,group,,4,jk
Others,B. Vernaculars of Other Asiatic Countries and Africa,Others,name,,3,ajmer
Spanish,C. European Languages > Indo-European Family > Romanic Group,Spanish,name,,3,baluchistan
Eastern Hindi (Awadhi),A—Languages of India > I—Indo-Aryan Branch > Mediate Group,Eastern Hindi,name,,3,baroda
Kashmiri and Chitrali,A—Languages of India > II—Dardic Branch,Kashmiri,name,,3,baroda
Bengali,A. Vernaculars of India > Vernaculars foreign to the State,Bengali,name,,3,cochin
Pashto,A. Vernaculars of India > Vernaculars foreign to the State,Pashto,name,,3,cochin
Syriac,B. Vernaculars of Asiatic Countries beyond India,Syriac,name,,3,cochin
Total Bhili,A-Vernaculars of India > Indo-European Family > Aryan Sub-Family,Bhili,name,,3,cp_berar
Kachwahi,A. Languages of India > (1) Languages Proper to State > Indo-European Family > Western Hindi,Western Hindi,group,,3,gwalior
Sipari,A. Languages of India > (1) Languages Proper to State > Indo-European Family > Rajasthani,Rajasthani,group,,3,gwalior
Purbi,(b) Languages of India > Indo-European Family > Ayran Sub-Family > Indo Aryan Branch > Mediate Sub-Branch > Mediate Group > Eastern Hindi,Eastern Hindi,name,,3,jk
Chinese,Mongolian Family > Monosyllabic or Chinese Group,Chinese Group,name,,3,jk
Burmese,(b) Languages of India > Tibeto-Chinese Family > Tibeto Burma Sub-family > Assam Burmese Branch > Burma Group,Burmese,name,,3,jk
Russian,Indo-European Family > Balto Slavenic Group,"Slavonic (Russian, Polish and Others)",name,,3,jk
Hespian,Unclassified Languages,,not matched,,3,jk
Mirpuri,Unclassified Languages,,not matched,,3,jk
Moyani,Unclassified Languages,,not matched,,3,jk
Burmese,A. Vernaculars of India > Tibeto-Chinese Family > Burma Group,Burmese,name,,3,mysore
Memani,A. Vernaculars of India > Indo-European Family > Central Group > Gujarathi,Sindhi,name,,3,mysore
Chinese,B.—Vernaculars of Asiatic Countries other than India > Tibeto-Chinese Family,Chinese Group,name,,3,travancore
Gaelic (Scotch),C.—European Languages > Indo-European Family > Celtic Group,Gaelic (Scotch),name,,3,travancore
Balochi,Group A. (Indian Languages),Balochi,name,,2,aden
Malayan,Group B. (Asiatic Languages),,not matched,,2,aden
Danish,Group C. (European Languages),Danish,name,,2,aden
Russian,Group C. (European Languages),"Slavonic (Russian, Polish and Others)",name,,2,aden
Turkish,B. Vernaculars of Other Asiatic Countries and Africa,Turkish,name,,2,ajmer
Naipali,A.—Vernaculars of India,"Eastern Pahari, Khas-Kura or Naipali",name,,2,andaman
Sikkim Bhotia,A. Vernaculars of India > II. Of other Parts of India > Tibeto-Himalayan Branch > Tibetan Group,Tibetan Group,group,,2,baluchistan
Rong or Lepcha,A. Vernaculars of India > II. Of other Parts of India > Tibeto-Himalayan Branch > Non-Pronominalized Himalayan Group,Rong or Lepcha,name,,2,baluchistan
Agaria,C.—Languages of Bihar and Orissa > Kherwari,"Kherwari (Santali, Mundari, Ho, etc.)",group,,2,bengal
Birhar,C.—Languages of Bihar and Orissa > Kherwari,"Kherwari (Santali, Mundari, Ho, etc.)",group,,2,bengal
Sylhettia,"A.—Languages of Bengal, Nepal and Sikkim > Bengali",Bengali,group,,2,bengal
Flemish,C. European Languages,Flemish,name,,2,cochin
German,C. European Languages,German,name,,2,cochin
German,C. European Languages > Indo-European Family,German,name,,2,gwalior
Narnoli,A. Languages of India > (2) Languages not proper to State > Indo-European Family > Punjabi,Panjabi,group,,2,gwalior
Peshawari,(b) Languages of India > Indo-European Family > Aryan Sub-Family > Eranian Branch > Eastern Group > Afghanistan—Balochistan Sub-Group,Eastern Group,group,,2,jk
Matrai,Assam-Burmese Branch > Bara or Budo Group,Assam-Burmese Branch,group,,2,jk
Danish,Indo-European Family > Teutonic Group,Danish,name,,2,jk
Spanish,Indo-European Family > Romance Group,Spanish,name,,2,jk
Moyali,Unclassified Languages,,not matched,,2,jk
Kashgari,Languages of the State > Tibeto Chinese Family > Tibeto-Burman Sub-Family > Tibeto Himalayan Branch > Tibetan Group > Bhotia,Bhotia (Others),group,,2,jk
French,C.—European Languages > Indo-European Family > Romance Group,French,name,,2,travancore
Norwegian,C.—European Languages > Indo-European Family > Teutonic Group,Norwegian,name,,2,travancore
Syriac,B.—Vernaculars of Asiatic Countries other than India > Semitic Family,Syriac,name,,2,travancore
Burmese,Group A. (Indian Languages),Burmese,name,,1,aden
Sanskrit,Group A. (Indian Languages),Sanskrit,name,,1,aden
Armenian,Group B. (Asiatic Languages),Armenian,name,,1,aden
Swedish,Group C. (European Languages),Swedish,name,,1,aden
Arabic,B.—Vernaculars of other Asiatic countries,Arabic,name,,1,andaman
French,C.—European languages,French,name,,1,andaman
Swedish,C.—European languages,Swedish,name,,1,andaman
German,C.—European languages,German,name,,1,andaman
Italian,C. European Languages > Indo-European Family > Romanic Group,Italian,name,,1,baluchistan
Armenian,B. Vernaculars of other Asiatic Countries and Africa > Eranian Branch > Armenian Group,Armenian,name,,1,baluchistan
Javanese,B. Vernaculars of other Asiatic Countries and Africa > Malayo-Polynesian Family > Malayan Group,Malayan Group,group,,1,baluchistan
Sinhalese,B—Languages of other countries > I—Indo-Aryan Branch (Southern Group),Sinhalese,name,,1,baroda
Italian,B—Languages of other countries > II—Indo-European Family (European Group),Italian,name,,1,baroda
Slavonic-Russian,B—Languages of other countries > II—Indo-European Family (European Group),"Slavonic (Russian, Polish and Others)",name,,1,baroda
Marwari,A. Vernaculars of India > Vernaculars foreign to the State,Rajasthani,name,,1,cochin
Japanese,B. Vernaculars of Asiatic Countries beyond India,Japanese,name,,1,cochin
Persian,B. Vernaculars of Asiatic Countries beyond India,Persian,name,,1,cochin
Gaelic,C. European Languages,Gaelic (Scotch),name,,1,cochin
Welsh,C. European Languages,Welsh,name,,1,cochin
Sanskrit,(b) Languages of India > Tibeto-Chinese Family > Tibeto Burma Sub-family > Sanskrit Sub-Branch > Sanskrit Group,Sanskrit,name,,1,jk
Gaelic,Indo-European Family > Celtic Group,Gaelic (Scotch),name,,1,jk
Yaseni,Languages of the State > Indo-European Family > Aryan Sub-Family > Dardic Branch > Khowar Group,Khowar Group,group,,1,jk
Sanskrit,Languages of the State > Outer Sub-Branch > North Western Group > Sanskrit,Sanskrit,name,,1,jk
Normal,Unclassified Languages,,not matched,,1,jk
Rooski,Unclassified Languages,,not matched,,1,jk
Dutch,Indo-European Family > Teutonic Group,Dutch,name,,1,jk
Portuguese,Indo-European Family > Romance Group,Romance Group,group,,1,jk
Karnatith,Unclassified Languages,,not matched,,1,jk
Khapli,Languages of the State > Tibeto Chinese Family > Tibeto-Burman Sub-Family > Tibeto Himalayan Branch > Tibetan Group > Bhotia,Bhotia (Others),group,,1,jk
Punyali,Languages of the State > Indo-European Family > Aryan Sub-Family > Dardic Branch > Khowar Group,Khowar Group,group,,1,jk
Lahuli,Tibeto-Burman Sub-Family > Western Branch,Tibeto-Himalayan Branch,name,,1,jk
Mishkeen,Unclassified Languages,,not matched,,1,jk
Goun,Unclassified Languages,,not matched,,1,jk
Tibetan,A. Vernaculars of India > Tibeto-Chinese Family > Tibetan Group,Bhotia of Tibet or Tibetan,name,,1,mysore
Bihari,A. Vernaculars of India > Indo-European Family > Eastern Group,Bihari,name,,1,mysore
Russian,C. European Languages > Indo-European Family > Balto-Slavonic Group,"Slavonic (Russian, Polish and Others)",name,,1,mysore
Hungarian,C. European Languages > Mongolian Family > Ural-altic Group,Hungarian,name,,1,mysore
Naipālī,A.—Vernaculars of India > (b) Other Vernaculars of India > Indo-European Family > Indo-Aryan Branch,"Eastern Pahari, Khas-Kura or Naipali",name,,1,travancore
Shekhawati,A. Languages of India > (2) Languages not proper to State > Indo-European Family > Rajasthani,Rajasthani,group,,0,gwalior
Portuguese,C. European Languages > Indo-European Family,Indo-European Family,group,,0,gwalior
